"date","era5_ghi"
"2006-01-01",0
"2006-01-02",0
"2006-01-03",0
"2006-01-04",0
"2006-01-05",0
"2006-01-06",0
"2006-01-07",0
"2006-01-08",0
"2006-01-09",0
"2006-01-10",0
"2006-01-11",0
"2006-01-12",0
"2006-01-13",0
"2006-01-14",0
"2006-01-15",0
"2006-01-16",0
"2006-01-17",0
"2006-01-18",0
"2006-01-19",0
"2006-01-20",0
"2006-01-21",0
"2006-01-22",0
"2006-01-23",0
"2006-01-24",0
"2006-01-25",0
"2006-01-26",0
"2006-01-27",0
"2006-01-28",0
"2006-01-29",0
"2006-01-30",0
"2006-01-31",0
"2006-02-01",0
"2006-02-02",0
"2006-02-03",0
"2006-02-04",0
"2006-02-05",0
"2006-02-06",0
"2006-02-07",0
"2006-02-08",0
"2006-02-09",0
"2006-02-10",0
"2006-02-11",0
"2006-02-12",0
"2006-02-13",0
"2006-02-14",0
"2006-02-15",0
"2006-02-16",0
"2006-02-17",0
"2006-02-18",0
"2006-02-19",0
"2006-02-20",0.0148148148148148
"2006-02-21",0.162222222222222
"2006-02-22",0.427407407407407
"2006-02-23",0.868888888888889
"2006-02-24",1.25851851851852
"2006-02-25",1.55333333333333
"2006-02-26",1.96962962962963
"2006-02-27",3.4837037037037
"2006-02-28",4.62444444444444
"2006-03-01",6.04
"2006-03-02",4.95259259259259
"2006-03-03",8.60222222222222
"2006-03-04",9.13925925925926
"2006-03-05",11.7503703703704
"2006-03-06",12.6711111111111
"2006-03-07",12.9014814814815
"2006-03-08",8.2437037037037
"2006-03-09",8.85555555555556
"2006-03-10",18.2051851851852
"2006-03-11",10.6814814814815
"2006-03-12",20.3022222222222
"2006-03-13",17.02
"2006-03-14",13.7844444444444
"2006-03-15",28.2777777777778
"2006-03-16",23.1851851851852
"2006-03-17",36.857037037037
"2006-03-18",29.8155555555556
"2006-03-19",30.8377777777778
"2006-03-20",45.3296296296296
"2006-03-21",49.4933333333333
"2006-03-22",52.7733333333333
"2006-03-23",27.9237037037037
"2006-03-24",56.6444444444444
"2006-03-25",63.2511111111111
"2006-03-26",72.6075362318841
"2006-03-27",66.6
"2006-03-28",72.5192592592593
"2006-03-29",50.7340740740741
"2006-03-30",62.0866666666667
"2006-03-31",78.9577777777778
"2006-04-01",66.117037037037
"2006-04-02",75.86
"2006-04-03",77.3985185185185
"2006-04-04",83.9955555555556
"2006-04-05",88.6733333333333
"2006-04-06",67.5688888888889
"2006-04-07",106.661481481481
"2006-04-08",58.097037037037
"2006-04-09",98.4844444444444
"2006-04-10",85.2044444444444
"2006-04-11",91.8666666666667
"2006-04-12",108.573333333333
"2006-04-13",135.98
"2006-04-14",129.044444444444
"2006-04-15",111.515555555556
"2006-04-16",135.033333333333
"2006-04-17",101.220740740741
"2006-04-18",132.317037037037
"2006-04-19",146.452592592593
"2006-04-20",167.765925925926
"2006-04-21",175.101481481481
"2006-04-22",156.181481481481
"2006-04-23",112.14962962963
"2006-04-24",153.555555555556
"2006-04-25",90.2333333333333
"2006-04-26",181.845925925926
"2006-04-27",179.811851851852
"2006-04-28",141.028888888889
"2006-04-29",128.800740740741
"2006-04-30",112.04
"2006-05-01",109.838518518519
"2006-05-02",179.714814814815
"2006-05-03",166.878518518519
"2006-05-04",204.154074074074
"2006-05-05",84.7111111111111
"2006-05-06",77.7755555555556
"2006-05-07",132.837777777778
"2006-05-08",147.628148148148
"2006-05-09",240.125925925926
"2006-05-10",236.294814814815
"2006-05-11",198.687407407407
"2006-05-12",180.082222222222
"2006-05-13",233.619259259259
"2006-05-14",249.200740740741
"2006-05-15",249.24962962963
"2006-05-16",242.794814814815
"2006-05-17",230.514074074074
"2006-05-18",210.517777777778
"2006-05-19",235.474074074074
"2006-05-20",259.86962962963
"2006-05-21",272.023703703704
"2006-05-22",272.677037037037
"2006-05-23",320.973333333333
"2006-05-24",257.357037037037
"2006-05-25",175.319259259259
"2006-05-26",228.691111111111
"2006-05-27",164.303703703704
"2006-05-28",277.288148148148
"2006-05-29",295.762962962963
"2006-05-30",263.025185185185
"2006-05-31",309.842962962963
"2006-06-01",252.094074074074
"2006-06-02",294.988888888889
"2006-06-03",333.283703703704
"2006-06-04",284.825925925926
"2006-06-05",221.345925925926
"2006-06-06",204.802962962963
"2006-06-07",205.317777777778
"2006-06-08",188.717777777778
"2006-06-09",283.971111111111
"2006-06-10",242.115555555556
"2006-06-11",208.484444444444
"2006-06-12",197.695555555556
"2006-06-13",274.391111111111
"2006-06-14",271.954074074074
"2006-06-15",327.24962962963
"2006-06-16",312.315555555556
"2006-06-17",344.157037037037
"2006-06-18",209.937777777778
"2006-06-19",172.536296296296
"2006-06-20",252.277777777778
"2006-06-21",303.153333333333
"2006-06-22",303.387407407407
"2006-06-23",305.106666666667
"2006-06-24",167.854074074074
"2006-06-25",318.248888888889
"2006-06-26",293.747407407407
"2006-06-27",191.828888888889
"2006-06-28",236.665925925926
"2006-06-29",186.804444444444
"2006-06-30",193.686666666667
"2006-07-01",199.462222222222
"2006-07-02",115.482222222222
"2006-07-03",150.008148148148
"2006-07-04",173.020740740741
"2006-07-05",144.2
"2006-07-06",150.217037037037
"2006-07-07",212.131111111111
"2006-07-08",132.328148148148
"2006-07-09",176.948888888889
"2006-07-10",128.34
"2006-07-11",107.066666666667
"2006-07-12",230.671111111111
"2006-07-13",185.462222222222
"2006-07-14",116.885185185185
"2006-07-15",199.120740740741
"2006-07-16",125.257777777778
"2006-07-17",173.42962962963
"2006-07-18",276.328888888889
"2006-07-19",280.051111111111
"2006-07-20",287.611111111111
"2006-07-21",168.336296296296
"2006-07-22",242.81037037037
"2006-07-23",274.477037037037
"2006-07-24",201.173333333333
"2006-07-25",262.638518518519
"2006-07-26",195.234074074074
"2006-07-27",244.635555555556
"2006-07-28",195.342222222222
"2006-07-29",143.160740740741
"2006-07-30",80.4592592592593
"2006-07-31",98.9807407407407
"2006-08-01",187.193333333333
"2006-08-02",114.908888888889
"2006-08-03",138.746666666667
"2006-08-04",149.97037037037
"2006-08-05",80.5303703703704
"2006-08-06",146.737037037037
"2006-08-07",66.8985185185185
"2006-08-08",92.9051851851852
"2006-08-09",102.431111111111
"2006-08-10",83.9296296296296
"2006-08-11",118.248888888889
"2006-08-12",108.062962962963
"2006-08-13",125.508888888889
"2006-08-14",162.786666666667
"2006-08-15",116.12
"2006-08-16",112.882222222222
"2006-08-17",100.878518518519
"2006-08-18",123.53037037037
"2006-08-19",64.2081481481482
"2006-08-20",163.448888888889
"2006-08-21",99.9481481481481
"2006-08-22",138.046666666667
"2006-08-23",68.2666666666667
"2006-08-24",66.8748148148148
"2006-08-25",68.4148148148148
"2006-08-26",38.8837037037037
"2006-08-27",64.6362962962963
"2006-08-28",52.6422222222222
"2006-08-29",126.441481481481
"2006-08-30",134.096296296296
"2006-08-31",105.911851851852
"2006-09-01",98.6237037037037
"2006-09-02",76.8111111111111
"2006-09-03",77.1740740740741
"2006-09-04",41.7903703703704
"2006-09-05",44.3688888888889
"2006-09-06",42.0437037037037
"2006-09-07",56.5962962962963
"2006-09-08",53.5792592592593
"2006-09-09",86.9281481481482
"2006-09-10",33.9318518518519
"2006-09-11",46.7096296296296
"2006-09-12",64.7733333333333
"2006-09-13",38
"2006-09-14",39.3318518518519
"2006-09-15",34.4874074074074
"2006-09-16",61.9296296296296
"2006-09-17",33.802962962963
"2006-09-18",32.3481481481481
"2006-09-19",47.36
"2006-09-20",28.3896296296296
"2006-09-21",27.3022222222222
"2006-09-22",24.3340740740741
"2006-09-23",25.4014814814815
"2006-09-24",28.5437037037037
"2006-09-25",16.5911111111111
"2006-09-26",21.2503703703704
"2006-09-27",18.8785185185185
"2006-09-28",25.1
"2006-09-29",22.4607407407407
"2006-09-30",13.3125925925926
"2006-10-01",17.9503703703704
"2006-10-02",13.6244444444444
"2006-10-03",11.6096296296296
"2006-10-04",12.1881481481481
"2006-10-05",7.94592592592593
"2006-10-06",4.62740740740741
"2006-10-07",7.90888888888889
"2006-10-08",8.78444444444444
"2006-10-09",5.96814814814815
"2006-10-10",8.46814814814815
"2006-10-11",7.22814814814815
"2006-10-12",3.54222222222222
"2006-10-13",5.0562962962963
"2006-10-14",2.11333333333333
"2006-10-15",1.62666666666667
"2006-10-16",1.42888888888889
"2006-10-17",1.6237037037037
"2006-10-18",1.01703703703704
"2006-10-19",0.394074074074074
"2006-10-20",0.21037037037037
"2006-10-21",0.0814814814814815
"2006-10-22",0.00592592592592593
"2006-10-23",0
"2006-10-24",0
"2006-10-25",0
"2006-10-26",0
"2006-10-27",0
"2006-10-28",0
"2006-10-29",0
"2006-10-30",0
"2006-10-31",0
"2006-11-01",0
"2006-11-02",0
"2006-11-03",0
"2006-11-04",0
"2006-11-05",0
"2006-11-06",0
"2006-11-07",0
"2006-11-08",0
"2006-11-09",0
"2006-11-10",0
"2006-11-11",0
"2006-11-12",0
"2006-11-13",0
"2006-11-14",0
"2006-11-15",0
"2006-11-16",0
"2006-11-17",0
"2006-11-18",0
"2006-11-19",0
"2006-11-20",0
"2006-11-21",0
"2006-11-22",0
"2006-11-23",0
"2006-11-24",0
"2006-11-25",0
"2006-11-26",0
"2006-11-27",0
"2006-11-28",0
"2006-11-29",0
"2006-11-30",0
"2006-12-01",0
"2006-12-02",0
"2006-12-03",0
"2006-12-04",0
"2006-12-05",0
"2006-12-06",0
"2006-12-07",0
"2006-12-08",0
"2006-12-09",0
"2006-12-10",0
"2006-12-11",0
"2006-12-12",0
"2006-12-13",0
"2006-12-14",0
"2006-12-15",0
"2006-12-16",0
"2006-12-17",0
"2006-12-18",0
"2006-12-19",0
"2006-12-20",0
"2006-12-21",0
"2006-12-22",0
"2006-12-23",0
"2006-12-24",0
"2006-12-25",0
"2006-12-26",0
"2006-12-27",0
"2006-12-28",0
"2006-12-29",0
"2006-12-30",0
"2006-12-31",0
"2007-01-01",0
"2007-01-02",0
"2007-01-03",0
"2007-01-04",0
"2007-01-05",0
"2007-01-06",0
"2007-01-07",0
"2007-01-08",0
"2007-01-09",0
"2007-01-10",0
"2007-01-11",0
"2007-01-12",0
"2007-01-13",0
"2007-01-14",0
"2007-01-15",0
"2007-01-16",0
"2007-01-17",0
"2007-01-18",0
"2007-01-19",0
"2007-01-20",0
"2007-01-21",0
"2007-01-22",0
"2007-01-23",0
"2007-01-24",0
"2007-01-25",0
"2007-01-26",0
"2007-01-27",0
"2007-01-28",0
"2007-01-29",0
"2007-01-30",0
"2007-01-31",0
"2007-02-01",0
"2007-02-02",0
"2007-02-03",0
"2007-02-04",0
"2007-02-05",0
"2007-02-06",0
"2007-02-07",0
"2007-02-08",0
"2007-02-09",0
"2007-02-10",0
"2007-02-11",0
"2007-02-12",0
"2007-02-13",0
"2007-02-14",0
"2007-02-15",0
"2007-02-16",0
"2007-02-17",0
"2007-02-18",0
"2007-02-19",0
"2007-02-20",0.017037037037037
"2007-02-21",0.156296296296296
"2007-02-22",0.408888888888889
"2007-02-23",0.903703703703704
"2007-02-24",1.49111111111111
"2007-02-25",2.14518518518519
"2007-02-26",2.36592592592593
"2007-02-27",2.28
"2007-02-28",2.99333333333333
"2007-03-01",3.94518518518519
"2007-03-02",5.34296296296296
"2007-03-03",6.29407407407407
"2007-03-04",7.59037037037037
"2007-03-05",6.68740740740741
"2007-03-06",6.45259259259259
"2007-03-07",6.88666666666667
"2007-03-08",13.4162962962963
"2007-03-09",13.002962962963
"2007-03-10",15.52
"2007-03-11",14.4851851851852
"2007-03-12",20.8807407407407
"2007-03-13",21.6007407407407
"2007-03-14",21.3066666666667
"2007-03-15",30.0118518518519
"2007-03-16",24.2733333333333
"2007-03-17",22.4459259259259
"2007-03-18",36.5355555555556
"2007-03-19",38.8251851851852
"2007-03-20",31.6459259259259
"2007-03-21",27.3777777777778
"2007-03-22",38.4496296296296
"2007-03-23",33.3103703703704
"2007-03-24",28.8348148148148
"2007-03-25",39.5292753623188
"2007-03-26",55.7162962962963
"2007-03-27",39.6511111111111
"2007-03-28",36.4103703703704
"2007-03-29",68.2762962962963
"2007-03-30",62.7
"2007-03-31",68.8674074074074
"2007-04-01",86.022962962963
"2007-04-02",74.6088888888889
"2007-04-03",67.0585185185185
"2007-04-04",84.0785185185185
"2007-04-05",69.5318518518519
"2007-04-06",101.07037037037
"2007-04-07",107.31037037037
"2007-04-08",110.081481481481
"2007-04-09",110.62962962963
"2007-04-10",101.405185185185
"2007-04-11",133.854814814815
"2007-04-12",65.6140740740741
"2007-04-13",70.3903703703704
"2007-04-14",83.6385185185185
"2007-04-15",81.6140740740741
"2007-04-16",139.762222222222
"2007-04-17",149.858518518519
"2007-04-18",124.934814814815
"2007-04-19",156.952592592593
"2007-04-20",141.68
"2007-04-21",171.524444444444
"2007-04-22",167.848148148148
"2007-04-23",143.007407407407
"2007-04-24",108.245185185185
"2007-04-25",106.672592592593
"2007-04-26",169.745185185185
"2007-04-27",149.403703703704
"2007-04-28",208.415555555556
"2007-04-29",140.317777777778
"2007-04-30",72.9659259259259
"2007-05-01",194.744444444444
"2007-05-02",190.076296296296
"2007-05-03",167.140740740741
"2007-05-04",217.68962962963
"2007-05-05",199.108888888889
"2007-05-06",185.947407407407
"2007-05-07",243.114074074074
"2007-05-08",250.642222222222
"2007-05-09",130.279259259259
"2007-05-10",229.373333333333
"2007-05-11",215.754814814815
"2007-05-12",237.240740740741
"2007-05-13",229.166666666667
"2007-05-14",253.337777777778
"2007-05-15",286.695555555556
"2007-05-16",284.923703703704
"2007-05-17",148.851851851852
"2007-05-18",140.514814814815
"2007-05-19",113.492592592593
"2007-05-20",264.393333333333
"2007-05-21",268.717037037037
"2007-05-22",243.334074074074
"2007-05-23",265.759259259259
"2007-05-24",223.505925925926
"2007-05-25",233.355555555556
"2007-05-26",307.640740740741
"2007-05-27",298.443703703704
"2007-05-28",192.297037037037
"2007-05-29",244.54962962963
"2007-05-30",287.355555555556
"2007-05-31",229.698518518519
"2007-06-01",216.356296296296
"2007-06-02",165.405925925926
"2007-06-03",98.6651851851852
"2007-06-04",110.722962962963
"2007-06-05",185.036296296296
"2007-06-06",161.404444444444
"2007-06-07",280.011111111111
"2007-06-08",194.93037037037
"2007-06-09",173.875555555556
"2007-06-10",307.25037037037
"2007-06-11",336.678518518519
"2007-06-12",326.341481481481
"2007-06-13",259.564444444444
"2007-06-14",302.36
"2007-06-15",326.238518518519
"2007-06-16",337.274074074074
"2007-06-17",355.941481481482
"2007-06-18",365.840740740741
"2007-06-19",279.019259259259
"2007-06-20",236.971851851852
"2007-06-21",207.068888888889
"2007-06-22",154.906666666667
"2007-06-23",214.557037037037
"2007-06-24",308.745925925926
"2007-06-25",298.613333333333
"2007-06-26",326.403703703704
"2007-06-27",364.053333333333
"2007-06-28",342.339259259259
"2007-06-29",138.618518518519
"2007-06-30",186.091851851852
"2007-07-01",170.188148148148
"2007-07-02",192.901481481481
"2007-07-03",229.464444444444
"2007-07-04",256.933333333333
"2007-07-05",177.768888888889
"2007-07-06",226.096296296296
"2007-07-07",232.200740740741
"2007-07-08",196.98962962963
"2007-07-09",321.979259259259
"2007-07-10",339.988888888889
"2007-07-11",286.267407407407
"2007-07-12",318.968888888889
"2007-07-13",231.080740740741
"2007-07-14",264.02
"2007-07-15",324.85037037037
"2007-07-16",324.594074074074
"2007-07-17",261.52962962963
"2007-07-18",149.007407407407
"2007-07-19",162.535555555556
"2007-07-20",229.425185185185
"2007-07-21",261.78
"2007-07-22",218.798518518519
"2007-07-23",201.418518518519
"2007-07-24",211.302962962963
"2007-07-25",230.617037037037
"2007-07-26",275.348148148148
"2007-07-27",252.379259259259
"2007-07-28",257.842222222222
"2007-07-29",150.865185185185
"2007-07-30",204.63037037037
"2007-07-31",164.740740740741
"2007-08-01",220.545185185185
"2007-08-02",248.14
"2007-08-03",216.998518518519
"2007-08-04",114.186666666667
"2007-08-05",181.733333333333
"2007-08-06",177.43037037037
"2007-08-07",161.697037037037
"2007-08-08",110.06962962963
"2007-08-09",125.641481481481
"2007-08-10",92.0681481481482
"2007-08-11",156.147407407407
"2007-08-12",152.477037037037
"2007-08-13",119.62
"2007-08-14",116.605925925926
"2007-08-15",135.054074074074
"2007-08-16",97.4133333333333
"2007-08-17",153.257777777778
"2007-08-18",94.6474074074074
"2007-08-19",64.0340740740741
"2007-08-20",142.895555555556
"2007-08-21",114.45037037037
"2007-08-22",96.0488888888889
"2007-08-23",164.821481481481
"2007-08-24",147.755555555556
"2007-08-25",124.271851851852
"2007-08-26",85.217037037037
"2007-08-27",84.8622222222222
"2007-08-28",103.566666666667
"2007-08-29",100.992592592593
"2007-08-30",121.587407407407
"2007-08-31",107.787407407407
"2007-09-01",130.631111111111
"2007-09-02",117.996296296296
"2007-09-03",81.617037037037
"2007-09-04",74.0792592592593
"2007-09-05",99.1488888888889
"2007-09-06",103.871851851852
"2007-09-07",55.5422222222222
"2007-09-08",46.1451851851852
"2007-09-09",62.9340740740741
"2007-09-10",76.8933333333333
"2007-09-11",54.1540740740741
"2007-09-12",65.3896296296296
"2007-09-13",40.2318518518519
"2007-09-14",61.1214814814815
"2007-09-15",70.1259259259259
"2007-09-16",58.8422222222222
"2007-09-17",25.3785185185185
"2007-09-18",20.5785185185185
"2007-09-19",30.3896296296296
"2007-09-20",45.7474074074074
"2007-09-21",37.6755555555556
"2007-09-22",21.2474074074074
"2007-09-23",34.142962962963
"2007-09-24",31.897037037037
"2007-09-25",25.6318518518519
"2007-09-26",20.0125925925926
"2007-09-27",10.8340740740741
"2007-09-28",11.7503703703704
"2007-09-29",15.0259259259259
"2007-09-30",12.2518518518519
"2007-10-01",8.82592592592593
"2007-10-02",10.6874074074074
"2007-10-03",10.0296296296296
"2007-10-04",9.5237037037037
"2007-10-05",10.2066666666667
"2007-10-06",15.2022222222222
"2007-10-07",5.52592592592593
"2007-10-08",5.13259259259259
"2007-10-09",5.86
"2007-10-10",8.54074074074074
"2007-10-11",5.42518518518519
"2007-10-12",5.13777777777778
"2007-10-13",3.66
"2007-10-14",3.1962962962963
"2007-10-15",2.82148148148148
"2007-10-16",1.49851851851852
"2007-10-17",1.6162962962963
"2007-10-18",0.991111111111111
"2007-10-19",0.72
"2007-10-20",0.138518518518519
"2007-10-21",0.117777777777778
"2007-10-22",0.00592592592592593
"2007-10-23",0
"2007-10-24",0
"2007-10-25",0
"2007-10-26",0
"2007-10-27",0
"2007-10-28",0
"2007-10-29",0
"2007-10-30",0
"2007-10-31",0
"2007-11-01",0
"2007-11-02",0
"2007-11-03",0
"2007-11-04",0
"2007-11-05",0
"2007-11-06",0
"2007-11-07",0
"2007-11-08",0
"2007-11-09",0
"2007-11-10",0
"2007-11-11",0
"2007-11-12",0
"2007-11-13",0
"2007-11-14",0
"2007-11-15",0
"2007-11-16",0
"2007-11-17",0
"2007-11-18",0
"2007-11-19",0
"2007-11-20",0
"2007-11-21",0
"2007-11-22",0
"2007-11-23",0
"2007-11-24",0
"2007-11-25",0
"2007-11-26",0
"2007-11-27",0
"2007-11-28",0
"2007-11-29",0
"2007-11-30",0
"2007-12-01",0
"2007-12-02",0
"2007-12-03",0
"2007-12-04",0
"2007-12-05",0
"2007-12-06",0
"2007-12-07",0
"2007-12-08",0
"2007-12-09",0
"2007-12-10",0
"2007-12-11",0
"2007-12-12",0
"2007-12-13",0
"2007-12-14",0
"2007-12-15",0
"2007-12-16",0
"2007-12-17",0
"2007-12-18",0
"2007-12-19",0
"2007-12-20",0
"2007-12-21",0
"2007-12-22",0
"2007-12-23",0
"2007-12-24",0
"2007-12-25",0
"2007-12-26",0
"2007-12-27",0
"2007-12-28",0
"2007-12-29",0
"2007-12-30",0
"2007-12-31",0
"2008-01-01",0
"2008-01-02",0
"2008-01-03",0
"2008-01-04",0
"2008-01-05",0
"2008-01-06",0
"2008-01-07",0
"2008-01-08",0
"2008-01-09",0
"2008-01-10",0
"2008-01-11",0
"2008-01-12",0
"2008-01-13",0
"2008-01-14",0
"2008-01-15",0
"2008-01-16",0
"2008-01-17",0
"2008-01-18",0
"2008-01-19",0
"2008-01-20",0
"2008-01-21",0
"2008-01-22",0
"2008-01-23",0
"2008-01-24",0
"2008-01-25",0
"2008-01-26",0
"2008-01-27",0
"2008-01-28",0
"2008-01-29",0
"2008-01-30",0
"2008-01-31",0
"2008-02-01",0
"2008-02-02",0
"2008-02-03",0
"2008-02-04",0
"2008-02-05",0
"2008-02-06",0
"2008-02-07",0
"2008-02-08",0
"2008-02-09",0
"2008-02-10",0
"2008-02-11",0
"2008-02-12",0
"2008-02-13",0
"2008-02-14",0
"2008-02-15",0
"2008-02-16",0
"2008-02-17",0
"2008-02-18",0
"2008-02-19",0
"2008-02-20",0.0118518518518519
"2008-02-21",0.0577777777777778
"2008-02-22",0.40962962962963
"2008-02-23",0.584444444444444
"2008-02-24",1.28222222222222
"2008-02-25",1.23925925925926
"2008-02-26",2.74
"2008-02-27",3.37111111111111
"2008-02-28",4.66962962962963
"2008-02-29",5.20074074074074
"2008-03-01",6.52296296296296
"2008-03-02",6.71407407407407
"2008-03-03",8.55333333333333
"2008-03-04",10.9888888888889
"2008-03-05",9.17777777777778
"2008-03-06",11.3807407407407
"2008-03-07",11.1911111111111
"2008-03-08",8.35555555555556
"2008-03-09",18.1555555555556
"2008-03-10",19.6333333333333
"2008-03-11",17.7162962962963
"2008-03-12",21.0777777777778
"2008-03-13",27.9948148148148
"2008-03-14",29.7251851851852
"2008-03-15",32.3162962962963
"2008-03-16",34.7518518518519
"2008-03-17",35.6051851851852
"2008-03-18",37.7866666666667
"2008-03-19",40.7251851851852
"2008-03-20",46.6681481481481
"2008-03-21",40.4155555555556
"2008-03-22",47.1133333333333
"2008-03-23",55.782962962963
"2008-03-24",35.8037037037037
"2008-03-25",59.7666666666667
"2008-03-26",51.5207407407407
"2008-03-27",41.6385185185185
"2008-03-28",63.4422222222222
"2008-03-29",64.4066666666667
"2008-03-30",62.0946859903382
"2008-03-31",75.6562962962963
"2008-04-01",80.7022222222222
"2008-04-02",71.1185185185185
"2008-04-03",76.7644444444445
"2008-04-04",97.897037037037
"2008-04-05",99.7259259259259
"2008-04-06",57.9162962962963
"2008-04-07",50.5266666666667
"2008-04-08",120.188148148148
"2008-04-09",106.347407407407
"2008-04-10",110.844444444444
"2008-04-11",133.071851851852
"2008-04-12",92.9755555555556
"2008-04-13",109.885925925926
"2008-04-14",126.217037037037
"2008-04-15",77.6644444444444
"2008-04-16",88.1785185185185
"2008-04-17",87.9074074074074
"2008-04-18",138.320740740741
"2008-04-19",151.325185185185
"2008-04-20",139.037037037037
"2008-04-21",115.284444444444
"2008-04-22",116.854074074074
"2008-04-23",124.245185185185
"2008-04-24",165.654814814815
"2008-04-25",203.241481481481
"2008-04-26",165.874074074074
"2008-04-27",169.404444444444
"2008-04-28",221.560740740741
"2008-04-29",174.824444444444
"2008-04-30",171.158518518519
"2008-05-01",126.686666666667
"2008-05-02",206.698518518519
"2008-05-03",227.692592592593
"2008-05-04",210.760740740741
"2008-05-05",126.119259259259
"2008-05-06",134.488888888889
"2008-05-07",144.862222222222
"2008-05-08",164.118518518519
"2008-05-09",187.788888888889
"2008-05-10",236.174074074074
"2008-05-11",174.56962962963
"2008-05-12",190.534814814815
"2008-05-13",200.301481481481
"2008-05-14",236.266666666667
"2008-05-15",216.791851851852
"2008-05-16",153.26
"2008-05-17",273.257037037037
"2008-05-18",267.173333333333
"2008-05-19",234.631851851852
"2008-05-20",211.323703703704
"2008-05-21",221.823703703704
"2008-05-22",149.765925925926
"2008-05-23",210.77037037037
"2008-05-24",281.422962962963
"2008-05-25",188.327407407407
"2008-05-26",196.517777777778
"2008-05-27",276.80962962963
"2008-05-28",202.382222222222
"2008-05-29",205.540740740741
"2008-05-30",179.659259259259
"2008-05-31",209.625185185185
"2008-06-01",115.52962962963
"2008-06-02",115.228888888889
"2008-06-03",254.114814814815
"2008-06-04",277.546666666667
"2008-06-05",337.188888888889
"2008-06-06",341.914074074074
"2008-06-07",363.128888888889
"2008-06-08",324.912592592593
"2008-06-09",291.98962962963
"2008-06-10",193.963703703704
"2008-06-11",242.847407407407
"2008-06-12",271.633333333333
"2008-06-13",283.78962962963
"2008-06-14",303.834074074074
"2008-06-15",185.885185185185
"2008-06-16",342.460740740741
"2008-06-17",313.108148148148
"2008-06-18",293.534074074074
"2008-06-19",350.657037037037
"2008-06-20",230.611111111111
"2008-06-21",310.332592592593
"2008-06-22",163.820740740741
"2008-06-23",122.421481481481
"2008-06-24",175.316296296296
"2008-06-25",263.98962962963
"2008-06-26",328.308148148148
"2008-06-27",310.84
"2008-06-28",350.24962962963
"2008-06-29",333.776296296296
"2008-06-30",273.325925925926
"2008-07-01",175.595555555556
"2008-07-02",178.499259259259
"2008-07-03",239.300740740741
"2008-07-04",274.448888888889
"2008-07-05",249.157037037037
"2008-07-06",205.17037037037
"2008-07-07",320.693333333333
"2008-07-08",256.58962962963
"2008-07-09",111.205185185185
"2008-07-10",202.742222222222
"2008-07-11",132.619259259259
"2008-07-12",153.223703703704
"2008-07-13",168.694074074074
"2008-07-14",125.111851851852
"2008-07-15",254.001481481481
"2008-07-16",307.21037037037
"2008-07-17",310.966666666667
"2008-07-18",264.540740740741
"2008-07-19",151.248888888889
"2008-07-20",147.218518518519
"2008-07-21",102.433333333333
"2008-07-22",210.76
"2008-07-23",298.071851851852
"2008-07-24",204.694074074074
"2008-07-25",130.568148148148
"2008-07-26",162.738518518519
"2008-07-27",190.934814814815
"2008-07-28",194.479259259259
"2008-07-29",162.522962962963
"2008-07-30",234.82962962963
"2008-07-31",244.894814814815
"2008-08-01",209.073333333333
"2008-08-02",196.656296296296
"2008-08-03",196.275555555556
"2008-08-04",181.951851851852
"2008-08-05",163.065925925926
"2008-08-06",107.654814814815
"2008-08-07",191.115555555556
"2008-08-08",119.362962962963
"2008-08-09",128.085925925926
"2008-08-10",152.453333333333
"2008-08-11",97.1333333333333
"2008-08-12",115.968888888889
"2008-08-13",162.303703703704
"2008-08-14",147.274814814815
"2008-08-15",185.827407407407
"2008-08-16",132.571851851852
"2008-08-17",88.8814814814815
"2008-08-18",84.1066666666667
"2008-08-19",89.5555555555556
"2008-08-20",68.8148148148148
"2008-08-21",121.665185185185
"2008-08-22",75.1918518518519
"2008-08-23",86.9525925925926
"2008-08-24",69.8207407407407
"2008-08-25",121.143703703704
"2008-08-26",141.658518518519
"2008-08-27",90.4207407407407
"2008-08-28",83.3377777777778
"2008-08-29",87.2725925925926
"2008-08-30",90.9466666666667
"2008-08-31",119.151111111111
"2008-09-01",120.368888888889
"2008-09-02",106.1
"2008-09-03",67.1362962962963
"2008-09-04",64.44
"2008-09-05",85.4422222222222
"2008-09-06",82.0955555555555
"2008-09-07",64.4562962962963
"2008-09-08",47.1555555555556
"2008-09-09",39.7037037037037
"2008-09-10",32.6748148148148
"2008-09-11",22.7718518518519
"2008-09-12",36.6333333333333
"2008-09-13",19.9437037037037
"2008-09-14",22.3014814814815
"2008-09-15",18.3740740740741
"2008-09-16",20.1948148148148
"2008-09-17",24.6977777777778
"2008-09-18",27.8348148148148
"2008-09-19",18.5414814814815
"2008-09-20",21.3718518518519
"2008-09-21",13.2548148148148
"2008-09-22",27.7814814814815
"2008-09-23",22.3511111111111
"2008-09-24",21.0777777777778
"2008-09-25",21.4533333333333
"2008-09-26",17.22
"2008-09-27",17.497037037037
"2008-09-28",16.1688888888889
"2008-09-29",13.1614814814815
"2008-09-30",11.9207407407407
"2008-10-01",12.6637037037037
"2008-10-02",14.942962962963
"2008-10-03",15.5696296296296
"2008-10-04",15.7933333333333
"2008-10-05",8.08444444444444
"2008-10-06",11.9562962962963
"2008-10-07",8.72148148148148
"2008-10-08",3.19037037037037
"2008-10-09",5.83111111111111
"2008-10-10",7.47185185185185
"2008-10-11",3.98518518518519
"2008-10-12",5.12
"2008-10-13",3.46222222222222
"2008-10-14",2.18296296296296
"2008-10-15",2.11333333333333
"2008-10-16",1.48666666666667
"2008-10-17",1.40814814814815
"2008-10-18",0.461481481481481
"2008-10-19",0.462222222222222
"2008-10-20",0.131111111111111
"2008-10-21",0.0266666666666667
"2008-10-22",0
"2008-10-23",0
"2008-10-24",0
"2008-10-25",0
"2008-10-26",0
"2008-10-27",0
"2008-10-28",0
"2008-10-29",0
"2008-10-30",0
"2008-10-31",0
"2008-11-01",0
"2008-11-02",0
"2008-11-03",0
"2008-11-04",0
"2008-11-05",0
"2008-11-06",0
"2008-11-07",0
"2008-11-08",0
"2008-11-09",0
"2008-11-10",0
"2008-11-11",0
"2008-11-12",0
"2008-11-13",0
"2008-11-14",0
"2008-11-15",0
"2008-11-16",0
"2008-11-17",0
"2008-11-18",0
"2008-11-19",0
"2008-11-20",0
"2008-11-21",0
"2008-11-22",0
"2008-11-23",0
"2008-11-24",0
"2008-11-25",0
"2008-11-26",0
"2008-11-27",0
"2008-11-28",0
"2008-11-29",0
"2008-11-30",0
"2008-12-01",0
"2008-12-02",0
"2008-12-03",0
"2008-12-04",0
"2008-12-05",0
"2008-12-06",0
"2008-12-07",0
"2008-12-08",0
"2008-12-09",0
"2008-12-10",0
"2008-12-11",0
"2008-12-12",0
"2008-12-13",0
"2008-12-14",0
"2008-12-15",0
"2008-12-16",0
"2008-12-17",0
"2008-12-18",0
"2008-12-19",0
"2008-12-20",0
"2008-12-21",0
"2008-12-22",0
"2008-12-23",0
"2008-12-24",0
"2008-12-25",0
"2008-12-26",0
"2008-12-27",0
"2008-12-28",0
"2008-12-29",0
"2008-12-30",0
"2008-12-31",0
"2009-01-01",0
"2009-01-02",0
"2009-01-03",0
"2009-01-04",0
"2009-01-05",0
"2009-01-06",0
"2009-01-07",0
"2009-01-08",0
"2009-01-09",0
"2009-01-10",0
"2009-01-11",0
"2009-01-12",0
"2009-01-13",0
"2009-01-14",0
"2009-01-15",0
"2009-01-16",0
"2009-01-17",0
"2009-01-18",0
"2009-01-19",0
"2009-01-20",0
"2009-01-21",0
"2009-01-22",0
"2009-01-23",0
"2009-01-24",0
"2009-01-25",0
"2009-01-26",0
"2009-01-27",0
"2009-01-28",0
"2009-01-29",0
"2009-01-30",0
"2009-01-31",0
"2009-02-01",0
"2009-02-02",0
"2009-02-03",0
"2009-02-04",0
"2009-02-05",0
"2009-02-06",0
"2009-02-07",0
"2009-02-08",0
"2009-02-09",0
"2009-02-10",0
"2009-02-11",0
"2009-02-12",0
"2009-02-13",0
"2009-02-14",0
"2009-02-15",0
"2009-02-16",0
"2009-02-17",0
"2009-02-18",0
"2009-02-19",0.00148148148148148
"2009-02-20",0.037037037037037
"2009-02-21",0.183703703703704
"2009-02-22",0.667407407407407
"2009-02-23",0.878518518518518
"2009-02-24",1.60518518518519
"2009-02-25",2.50962962962963
"2009-02-26",2.39481481481481
"2009-02-27",3.38296296296296
"2009-02-28",3.91481481481481
"2009-03-01",5.78148148148148
"2009-03-02",6.62148148148148
"2009-03-03",6.6962962962963
"2009-03-04",6.82074074074074
"2009-03-05",4.47777777777778
"2009-03-06",7.90296296296296
"2009-03-07",9.07555555555555
"2009-03-08",11.2325925925926
"2009-03-09",11.9518518518519
"2009-03-10",13.0059259259259
"2009-03-11",12.5118518518519
"2009-03-12",18.9837037037037
"2009-03-13",20.4592592592593
"2009-03-14",25.0214814814815
"2009-03-15",26.897037037037
"2009-03-16",13.9703703703704
"2009-03-17",19.6162962962963
"2009-03-18",21.9637037037037
"2009-03-19",31.8311111111111
"2009-03-20",35.2933333333333
"2009-03-21",30.6281481481481
"2009-03-22",40.4244444444444
"2009-03-23",56.622962962963
"2009-03-24",57.377037037037
"2009-03-25",50.5140740740741
"2009-03-26",47.4
"2009-03-27",60.8992592592593
"2009-03-28",42.4911111111111
"2009-03-29",66.1712077294686
"2009-03-30",57.522962962963
"2009-03-31",75.2377777777778
"2009-04-01",87.6162962962963
"2009-04-02",68.1051851851852
"2009-04-03",59.297037037037
"2009-04-04",92.4125925925926
"2009-04-05",96.3962962962963
"2009-04-06",95.2977777777778
"2009-04-07",47.1903703703704
"2009-04-08",80.9259259259259
"2009-04-09",71.8325925925926
"2009-04-10",70.0207407407407
"2009-04-11",66.3762962962963
"2009-04-12",100.686666666667
"2009-04-13",112.133333333333
"2009-04-14",102.741481481481
"2009-04-15",98.3037037037037
"2009-04-16",129.301481481481
"2009-04-17",142.060740740741
"2009-04-18",130.953333333333
"2009-04-19",141.343703703704
"2009-04-20",113.497777777778
"2009-04-21",128.954074074074
"2009-04-22",144.394814814815
"2009-04-23",145.423703703704
"2009-04-24",179.43037037037
"2009-04-25",183.088148148148
"2009-04-26",174.782962962963
"2009-04-27",189.482962962963
"2009-04-28",192.267407407407
"2009-04-29",122.536296296296
"2009-04-30",172.193333333333
"2009-05-01",100.003703703704
"2009-05-02",94.0792592592593
"2009-05-03",96.7444444444444
"2009-05-04",168.393333333333
"2009-05-05",172.095555555556
"2009-05-06",215.2
"2009-05-07",214.768888888889
"2009-05-08",188.582222222222
"2009-05-09",243.480740740741
"2009-05-10",214.765925925926
"2009-05-11",150.808888888889
"2009-05-12",125.345185185185
"2009-05-13",245.34
"2009-05-14",213.67037037037
"2009-05-15",205.451851851852
"2009-05-16",177.199259259259
"2009-05-17",216.654814814815
"2009-05-18",219.863703703704
"2009-05-19",177.148148148148
"2009-05-20",199.201481481481
"2009-05-21",190.672592592593
"2009-05-22",190.848888888889
"2009-05-23",198.015555555556
"2009-05-24",236.905185185185
"2009-05-25",272.664444444444
"2009-05-26",207.745925925926
"2009-05-27",191.763703703704
"2009-05-28",250.36962962963
"2009-05-29",318.421481481481
"2009-05-30",234.014074074074
"2009-05-31",229.07037037037
"2009-06-01",236.783703703704
"2009-06-02",309.277037037037
"2009-06-03",268.196296296296
"2009-06-04",335
"2009-06-05",321.542962962963
"2009-06-06",223.861481481481
"2009-06-07",329.614074074074
"2009-06-08",310.845185185185
"2009-06-09",320.793333333333
"2009-06-10",283.511851851852
"2009-06-11",221.228148148148
"2009-06-12",181.29037037037
"2009-06-13",248.611851851852
"2009-06-14",301.16962962963
"2009-06-15",177.338518518519
"2009-06-16",131.956296296296
"2009-06-17",206.651851851852
"2009-06-18",316.042222222222
"2009-06-19",236.220740740741
"2009-06-20",354.138518518519
"2009-06-21",356.442222222222
"2009-06-22",341.92
"2009-06-23",246.746666666667
"2009-06-24",174.66
"2009-06-25",284.044444444444
"2009-06-26",232.786666666667
"2009-06-27",201.091851851852
"2009-06-28",211.527407407407
"2009-06-29",245.762222222222
"2009-06-30",198.1
"2009-07-01",253.365185185185
"2009-07-02",341.18962962963
"2009-07-03",351.914814814815
"2009-07-04",343.277777777778
"2009-07-05",357.216296296296
"2009-07-06",358.211111111111
"2009-07-07",293.807407407407
"2009-07-08",147.212592592593
"2009-07-09",106.914814814815
"2009-07-10",178.742222222222
"2009-07-11",343.751111111111
"2009-07-12",339.099259259259
"2009-07-13",346.527407407407
"2009-07-14",290.914074074074
"2009-07-15",178.852592592593
"2009-07-16",190.627407407407
"2009-07-17",198.821481481481
"2009-07-18",215.260740740741
"2009-07-19",211.560740740741
"2009-07-20",198.980740740741
"2009-07-21",252.414814814815
"2009-07-22",274.567407407407
"2009-07-23",194.38962962963
"2009-07-24",282.188888888889
"2009-07-25",221.874814814815
"2009-07-26",77.0674074074074
"2009-07-27",174.863703703704
"2009-07-28",103.98962962963
"2009-07-29",155.715555555556
"2009-07-30",53.4548148148148
"2009-07-31",94.2607407407407
"2009-08-01",227.122222222222
"2009-08-02",247.280740740741
"2009-08-03",89.4859259259259
"2009-08-04",195.464444444444
"2009-08-05",137.537777777778
"2009-08-06",146.860740740741
"2009-08-07",104.32
"2009-08-08",49.5296296296296
"2009-08-09",125.767407407407
"2009-08-10",145.631111111111
"2009-08-11",150.262962962963
"2009-08-12",153.628888888889
"2009-08-13",177.877037037037
"2009-08-14",185.748888888889
"2009-08-15",163.62
"2009-08-16",150.442222222222
"2009-08-17",176.131851851852
"2009-08-18",122.33037037037
"2009-08-19",121.197777777778
"2009-08-20",109.357037037037
"2009-08-21",124.333333333333
"2009-08-22",97.1318518518518
"2009-08-23",74.8222222222222
"2009-08-24",115.176296296296
"2009-08-25",136.742222222222
"2009-08-26",143.285185185185
"2009-08-27",88.8844444444444
"2009-08-28",114.196296296296
"2009-08-29",119.731851851852
"2009-08-30",76.6296296296296
"2009-08-31",54.5051851851852
"2009-09-01",61.3303703703704
"2009-09-02",87.0385185185185
"2009-09-03",83.1
"2009-09-04",63.2466666666667
"2009-09-05",75.7585185185185
"2009-09-06",53.1511111111111
"2009-09-07",35.7214814814815
"2009-09-08",47.8051851851852
"2009-09-09",71.3540740740741
"2009-09-10",55.4814814814815
"2009-09-11",46.377037037037
"2009-09-12",39.8888888888889
"2009-09-13",48.7177777777778
"2009-09-14",40.1459259259259
"2009-09-15",51.7081481481481
"2009-09-16",44.5244444444444
"2009-09-17",50.5866666666667
"2009-09-18",54.7925925925926
"2009-09-19",41.3688888888889
"2009-09-20",43.7392592592593
"2009-09-21",31.6437037037037
"2009-09-22",36.6044444444444
"2009-09-23",28.1933333333333
"2009-09-24",22.2437037037037
"2009-09-25",27.9725925925926
"2009-09-26",24.0081481481481
"2009-09-27",29.8955555555556
"2009-09-28",22.6192592592593
"2009-09-29",17.8940740740741
"2009-09-30",18.3992592592593
"2009-10-01",16.0103703703704
"2009-10-02",11.4392592592593
"2009-10-03",13.5162962962963
"2009-10-04",11.657037037037
"2009-10-05",10.0555555555556
"2009-10-06",6.83925925925926
"2009-10-07",9.84888888888889
"2009-10-08",10.2266666666667
"2009-10-09",9.09851851851852
"2009-10-10",6.98518518518518
"2009-10-11",6.06740740740741
"2009-10-12",4.80296296296296
"2009-10-13",3.70740740740741
"2009-10-14",1.47333333333333
"2009-10-15",1.44666666666667
"2009-10-16",1.02296296296296
"2009-10-17",0.996296296296296
"2009-10-18",0.998518518518518
"2009-10-19",0.401481481481481
"2009-10-20",0.123703703703704
"2009-10-21",0.0355555555555556
"2009-10-22",0
"2009-10-23",0
"2009-10-24",0
"2009-10-25",0
"2009-10-26",0
"2009-10-27",0
"2009-10-28",0
"2009-10-29",0
"2009-10-30",0
"2009-10-31",0
"2009-11-01",0
"2009-11-02",0
"2009-11-03",0
"2009-11-04",0
"2009-11-05",0
"2009-11-06",0
"2009-11-07",0
"2009-11-08",0
"2009-11-09",0
"2009-11-10",0
"2009-11-11",0
"2009-11-12",0
"2009-11-13",0
"2009-11-14",0
"2009-11-15",0
"2009-11-16",0
"2009-11-17",0
"2009-11-18",0
"2009-11-19",0
"2009-11-20",0
"2009-11-21",0
"2009-11-22",0
"2009-11-23",0
"2009-11-24",0
"2009-11-25",0
"2009-11-26",0
"2009-11-27",0
"2009-11-28",0
"2009-11-29",0
"2009-11-30",0
"2009-12-01",0
"2009-12-02",0
"2009-12-03",0
"2009-12-04",0
"2009-12-05",0
"2009-12-06",0
"2009-12-07",0
"2009-12-08",0
"2009-12-09",0
"2009-12-10",0
"2009-12-11",0
"2009-12-12",0
"2009-12-13",0
"2009-12-14",0
"2009-12-15",0
"2009-12-16",0
"2009-12-17",0
"2009-12-18",0
"2009-12-19",0
"2009-12-20",0
"2009-12-21",0
"2009-12-22",0
"2009-12-23",0
"2009-12-24",0
"2009-12-25",0
"2009-12-26",0
"2009-12-27",0
"2009-12-28",0
"2009-12-29",0
"2009-12-30",0
"2009-12-31",0
"2010-01-01",0
"2010-01-02",0
"2010-01-03",0
"2010-01-04",0
"2010-01-05",0
"2010-01-06",0
"2010-01-07",0
"2010-01-08",0
"2010-01-09",0
"2010-01-10",0
"2010-01-11",0
"2010-01-12",0
"2010-01-13",0
"2010-01-14",0
"2010-01-15",0
"2010-01-16",0
"2010-01-17",0
"2010-01-18",0
"2010-01-19",0
"2010-01-20",0
"2010-01-21",0
"2010-01-22",0
"2010-01-23",0
"2010-01-24",0
"2010-01-25",0
"2010-01-26",0
"2010-01-27",0
"2010-01-28",0
"2010-01-29",0
"2010-01-30",0
"2010-01-31",0
"2010-02-01",0
"2010-02-02",0
"2010-02-03",0
"2010-02-04",0
"2010-02-05",0
"2010-02-06",0
"2010-02-07",0
"2010-02-08",0
"2010-02-09",0
"2010-02-10",0
"2010-02-11",0
"2010-02-12",0
"2010-02-13",0
"2010-02-14",0
"2010-02-15",0
"2010-02-16",0
"2010-02-17",0
"2010-02-18",0
"2010-02-19",0
"2010-02-20",0.0414814814814815
"2010-02-21",0.227407407407407
"2010-02-22",0.595555555555556
"2010-02-23",1.04814814814815
"2010-02-24",0.8
"2010-02-25",2.46666666666667
"2010-02-26",3.08074074074074
"2010-02-27",4.07259259259259
"2010-02-28",5.07037037037037
"2010-03-01",5.34518518518519
"2010-03-02",4.46666666666667
"2010-03-03",8.53185185185185
"2010-03-04",7.38666666666667
"2010-03-05",9.83851851851852
"2010-03-06",5.61259259259259
"2010-03-07",9.40518518518519
"2010-03-08",11.0614814814815
"2010-03-09",11.3651851851852
"2010-03-10",14.3962962962963
"2010-03-11",19.4066666666667
"2010-03-12",23.4651851851852
"2010-03-13",24.4903703703704
"2010-03-14",24.6814814814815
"2010-03-15",27.0155555555556
"2010-03-16",25.9007407407407
"2010-03-17",26.3533333333333
"2010-03-18",37.6022222222222
"2010-03-19",42.0562962962963
"2010-03-20",42.9074074074074
"2010-03-21",40.2481481481481
"2010-03-22",51.2022222222222
"2010-03-23",49.777037037037
"2010-03-24",42.8844444444444
"2010-03-25",53.4037037037037
"2010-03-26",54.2266666666667
"2010-03-27",64.1074074074074
"2010-03-28",66.9317874396135
"2010-03-29",73.2911111111111
"2010-03-30",78.2481481481481
"2010-03-31",83.3059259259259
"2010-04-01",81.9837037037037
"2010-04-02",77.7896296296296
"2010-04-03",97.8222222222222
"2010-04-04",62.9155555555556
"2010-04-05",50.8977777777778
"2010-04-06",61.317037037037
"2010-04-07",84.3133333333333
"2010-04-08",95.1548148148148
"2010-04-09",58
"2010-04-10",68.1192592592593
"2010-04-11",65.7733333333333
"2010-04-12",107.319259259259
"2010-04-13",125.862962962963
"2010-04-14",119.757037037037
"2010-04-15",125.951111111111
"2010-04-16",133.646666666667
"2010-04-17",163.598518518519
"2010-04-18",154.438518518519
"2010-04-19",150.022222222222
"2010-04-20",125.676296296296
"2010-04-21",128.334814814815
"2010-04-22",146.559259259259
"2010-04-23",125.328888888889
"2010-04-24",194.457037037037
"2010-04-25",178.64
"2010-04-26",116.923703703704
"2010-04-27",162.599259259259
"2010-04-28",191.581481481481
"2010-04-29",192.976296296296
"2010-04-30",172.332592592593
"2010-05-01",220.303703703704
"2010-05-02",206.783703703704
"2010-05-03",182.546666666667
"2010-05-04",230.453333333333
"2010-05-05",135.622962962963
"2010-05-06",151.758518518519
"2010-05-07",118.020740740741
"2010-05-08",124.419259259259
"2010-05-09",185.02962962963
"2010-05-10",243.012592592593
"2010-05-11",204.618518518519
"2010-05-12",226.620740740741
"2010-05-13",245.081481481481
"2010-05-14",268.888148148148
"2010-05-15",175.048148148148
"2010-05-16",275.12962962963
"2010-05-17",279.833333333333
"2010-05-18",245.054814814815
"2010-05-19",185.953333333333
"2010-05-20",265.671111111111
"2010-05-21",214.265185185185
"2010-05-22",154.771851851852
"2010-05-23",194.040740740741
"2010-05-24",229.354074074074
"2010-05-25",242.148888888889
"2010-05-26",245.620740740741
"2010-05-27",207.786666666667
"2010-05-28",184.355555555556
"2010-05-29",203.522962962963
"2010-05-30",185.25037037037
"2010-05-31",268.608148148148
"2010-06-01",264.300740740741
"2010-06-02",324.344444444444
"2010-06-03",279.702962962963
"2010-06-04",270.88962962963
"2010-06-05",295.173333333333
"2010-06-06",300.411851851852
"2010-06-07",317.674074074074
"2010-06-08",258.60962962963
"2010-06-09",336.848148148148
"2010-06-10",317.741481481481
"2010-06-11",310.937777777778
"2010-06-12",286.344444444444
"2010-06-13",152.553333333333
"2010-06-14",258.556296296296
"2010-06-15",294.155555555556
"2010-06-16",215.762962962963
"2010-06-17",293.207407407407
"2010-06-18",275.517037037037
"2010-06-19",249.193333333333
"2010-06-20",313.33037037037
"2010-06-21",270.08962962963
"2010-06-22",329.391851851852
"2010-06-23",282.646666666667
"2010-06-24",264.521481481481
"2010-06-25",193.419259259259
"2010-06-26",296.193333333333
"2010-06-27",340.066666666667
"2010-06-28",333.535555555556
"2010-06-29",309.743703703704
"2010-06-30",340.185185185185
"2010-07-01",283.197777777778
"2010-07-02",218.534814814815
"2010-07-03",230.66962962963
"2010-07-04",250.108888888889
"2010-07-05",233.147407407407
"2010-07-06",333.501481481482
"2010-07-07",340.125925925926
"2010-07-08",297.417037037037
"2010-07-09",204.702962962963
"2010-07-10",156.008148148148
"2010-07-11",135.134814814815
"2010-07-12",132.166666666667
"2010-07-13",295.873333333333
"2010-07-14",265.641481481481
"2010-07-15",210.401481481481
"2010-07-16",177.32962962963
"2010-07-17",172.642222222222
"2010-07-18",162.842962962963
"2010-07-19",182.379259259259
"2010-07-20",137.785925925926
"2010-07-21",255.036296296296
"2010-07-22",190.102222222222
"2010-07-23",241.583703703704
"2010-07-24",128.013333333333
"2010-07-25",143.27037037037
"2010-07-26",109.885185185185
"2010-07-27",126.861481481481
"2010-07-28",213.099259259259
"2010-07-29",184.208148148148
"2010-07-30",133.65037037037
"2010-07-31",198.417777777778
"2010-08-01",261.604444444444
"2010-08-02",174.536296296296
"2010-08-03",177.945925925926
"2010-08-04",138.945925925926
"2010-08-05",131.054074074074
"2010-08-06",123.244444444444
"2010-08-07",119.579259259259
"2010-08-08",98.2718518518518
"2010-08-09",100.262222222222
"2010-08-10",192.457777777778
"2010-08-11",141.7
"2010-08-12",154.15037037037
"2010-08-13",136.612592592593
"2010-08-14",163
"2010-08-15",165.131111111111
"2010-08-16",112.422962962963
"2010-08-17",114.439259259259
"2010-08-18",127.988148148148
"2010-08-19",175.903703703704
"2010-08-20",168.085925925926
"2010-08-21",161.768148148148
"2010-08-22",171.035555555556
"2010-08-23",142.161481481481
"2010-08-24",152.933333333333
"2010-08-25",103.678518518519
"2010-08-26",132.227407407407
"2010-08-27",79.4155555555556
"2010-08-28",85.4251851851852
"2010-08-29",79.8148148148148
"2010-08-30",74.2696296296296
"2010-08-31",90.1755555555556
"2010-09-01",58.3266666666667
"2010-09-02",65.1681481481481
"2010-09-03",46.4740740740741
"2010-09-04",99.0874074074074
"2010-09-05",37.84
"2010-09-06",50.0718518518519
"2010-09-07",57.2133333333333
"2010-09-08",48.3711111111111
"2010-09-09",34.6555555555556
"2010-09-10",33.4177777777778
"2010-09-11",62.8518518518519
"2010-09-12",63.0785185185185
"2010-09-13",56.7688888888889
"2010-09-14",62.1451851851852
"2010-09-15",48.4385185185185
"2010-09-16",43.6148148148148
"2010-09-17",36.9651851851852
"2010-09-18",22.6111111111111
"2010-09-19",30.3792592592593
"2010-09-20",46.8503703703704
"2010-09-21",22.102962962963
"2010-09-22",23.1385185185185
"2010-09-23",25.8918518518519
"2010-09-24",28.6896296296296
"2010-09-25",36.3444444444444
"2010-09-26",19.2792592592593
"2010-09-27",19.3533333333333
"2010-09-28",12.0459259259259
"2010-09-29",12.9644444444444
"2010-09-30",10.3622222222222
"2010-10-01",6.09925925925926
"2010-10-02",12.3407407407407
"2010-10-03",8.71851851851852
"2010-10-04",9.18148148148148
"2010-10-05",4.63037037037037
"2010-10-06",6.48148148148148
"2010-10-07",4.99555555555556
"2010-10-08",3.36148148148148
"2010-10-09",3.68814814814815
"2010-10-10",3.92296296296296
"2010-10-11",5.60740740740741
"2010-10-12",6.03925925925926
"2010-10-13",5.23111111111111
"2010-10-14",1.69407407407407
"2010-10-15",3.03555555555556
"2010-10-16",1.28666666666667
"2010-10-17",1.41703703703704
"2010-10-18",1.10296296296296
"2010-10-19",0.520740740740741
"2010-10-20",0.337037037037037
"2010-10-21",0.0933333333333333
"2010-10-22",0.00444444444444444
"2010-10-23",0
"2010-10-24",0
"2010-10-25",0
"2010-10-26",0
"2010-10-27",0
"2010-10-28",0
"2010-10-29",0
"2010-10-30",0
"2010-10-31",0
"2010-11-01",0
"2010-11-02",0
"2010-11-03",0
"2010-11-04",0
"2010-11-05",0
"2010-11-06",0
"2010-11-07",0
"2010-11-08",0
"2010-11-09",0
"2010-11-10",0
"2010-11-11",0
"2010-11-12",0
"2010-11-13",0
"2010-11-14",0
"2010-11-15",0
"2010-11-16",0
"2010-11-17",0
"2010-11-18",0
"2010-11-19",0
"2010-11-20",0
"2010-11-21",0
"2010-11-22",0
"2010-11-23",0
"2010-11-24",0
"2010-11-25",0
"2010-11-26",0
"2010-11-27",0
"2010-11-28",0
"2010-11-29",0
"2010-11-30",0
"2010-12-01",0
"2010-12-02",0
"2010-12-03",0
"2010-12-04",0
"2010-12-05",0
"2010-12-06",0
"2010-12-07",0
"2010-12-08",0
"2010-12-09",0
"2010-12-10",0
"2010-12-11",0
"2010-12-12",0
"2010-12-13",0
"2010-12-14",0
"2010-12-15",0
"2010-12-16",0
"2010-12-17",0
"2010-12-18",0
"2010-12-19",0
"2010-12-20",0
"2010-12-21",0
"2010-12-22",0
"2010-12-23",0
"2010-12-24",0
"2010-12-25",0
"2010-12-26",0
"2010-12-27",0
"2010-12-28",0
"2010-12-29",0
"2010-12-30",0
"2010-12-31",0
"2011-01-01",0
"2011-01-02",0
"2011-01-03",0
"2011-01-04",0
"2011-01-05",0
"2011-01-06",0
"2011-01-07",0
"2011-01-08",0
"2011-01-09",0
"2011-01-10",0
"2011-01-11",0
"2011-01-12",0
"2011-01-13",0
"2011-01-14",0
"2011-01-15",0
"2011-01-16",0
"2011-01-17",0
"2011-01-18",0
"2011-01-19",0
"2011-01-20",0
"2011-01-21",0
"2011-01-22",0
"2011-01-23",0
"2011-01-24",0
"2011-01-25",0
"2011-01-26",0
"2011-01-27",0
"2011-01-28",0
"2011-01-29",0
"2011-01-30",0
"2011-01-31",0
"2011-02-01",0
"2011-02-02",0
"2011-02-03",0
"2011-02-04",0
"2011-02-05",0
"2011-02-06",0
"2011-02-07",0
"2011-02-08",0
"2011-02-09",0
"2011-02-10",0
"2011-02-11",0
"2011-02-12",0
"2011-02-13",0
"2011-02-14",0
"2011-02-15",0
"2011-02-16",0
"2011-02-17",0
"2011-02-18",0
"2011-02-19",0
"2011-02-20",0.02
"2011-02-21",0.0577777777777778
"2011-02-22",0.42962962962963
"2011-02-23",0.764444444444444
"2011-02-24",1.16888888888889
"2011-02-25",1.53777777777778
"2011-02-26",1.46814814814815
"2011-02-27",1.52740740740741
"2011-02-28",2.65703703703704
"2011-03-01",2.88
"2011-03-02",6.15259259259259
"2011-03-03",6.72
"2011-03-04",6.96592592592593
"2011-03-05",6.78518518518518
"2011-03-06",9.34666666666667
"2011-03-07",8.84444444444444
"2011-03-08",11.2659259259259
"2011-03-09",7.49037037037037
"2011-03-10",6.58222222222222
"2011-03-11",17.4481481481481
"2011-03-12",19.0185185185185
"2011-03-13",15.7896296296296
"2011-03-14",18.3014814814815
"2011-03-15",12.5022222222222
"2011-03-16",21.4148148148148
"2011-03-17",9.30074074074074
"2011-03-18",28.2948148148148
"2011-03-19",19.28
"2011-03-20",29.7237037037037
"2011-03-21",27.3911111111111
"2011-03-22",36.9059259259259
"2011-03-23",47.4444444444444
"2011-03-24",45.4540740740741
"2011-03-25",51.3948148148148
"2011-03-26",53.4555555555556
"2011-03-27",62.5739130434783
"2011-03-28",53.46
"2011-03-29",59.2948148148148
"2011-03-30",66.3148148148148
"2011-03-31",62.7614814814815
"2011-04-01",59.7088888888889
"2011-04-02",54.6659259259259
"2011-04-03",70.122962962963
"2011-04-04",93.0377777777778
"2011-04-05",48.1607407407407
"2011-04-06",74.3303703703704
"2011-04-07",87.4496296296296
"2011-04-08",97.9474074074074
"2011-04-09",62.3296296296296
"2011-04-10",69.9985185185185
"2011-04-11",56.4925925925926
"2011-04-12",120.626666666667
"2011-04-13",99.5607407407407
"2011-04-14",84.14
"2011-04-15",101.744444444444
"2011-04-16",82.7762962962963
"2011-04-17",125.85037037037
"2011-04-18",146.553333333333
"2011-04-19",134.794814814815
"2011-04-20",113.127407407407
"2011-04-21",135.700740740741
"2011-04-22",99.0437037037037
"2011-04-23",120.517037037037
"2011-04-24",52.4488888888889
"2011-04-25",67.9133333333333
"2011-04-26",176.028148148148
"2011-04-27",154.534814814815
"2011-04-28",116.539259259259
"2011-04-29",118.731851851852
"2011-04-30",148.887407407407
"2011-05-01",80.2992592592593
"2011-05-02",75.6548148148148
"2011-05-03",137.191851851852
"2011-05-04",237.98962962963
"2011-05-05",188.512592592593
"2011-05-06",192.057037037037
"2011-05-07",131.80962962963
"2011-05-08",132.67037037037
"2011-05-09",154.062222222222
"2011-05-10",221.194074074074
"2011-05-11",274.61037037037
"2011-05-12",162.311111111111
"2011-05-13",163.377037037037
"2011-05-14",133.483703703704
"2011-05-15",234.540740740741
"2011-05-16",281.492592592593
"2011-05-17",237.028148148148
"2011-05-18",224.565925925926
"2011-05-19",294.03037037037
"2011-05-20",222.68
"2011-05-21",315.36962962963
"2011-05-22",266.881481481482
"2011-05-23",211.678518518519
"2011-05-24",263.007407407407
"2011-05-25",261.786666666667
"2011-05-26",266.333333333333
"2011-05-27",263.24962962963
"2011-05-28",286.665185185185
"2011-05-29",275.438518518518
"2011-05-30",235.705185185185
"2011-05-31",222.831851851852
"2011-06-01",141.251851851852
"2011-06-02",196.277037037037
"2011-06-03",276.279259259259
"2011-06-04",269.362222222222
"2011-06-05",340.684444444444
"2011-06-06",242.242962962963
"2011-06-07",284.257037037037
"2011-06-08",249.697777777778
"2011-06-09",285.90962962963
"2011-06-10",300.184444444444
"2011-06-11",333.084444444444
"2011-06-12",333.654814814815
"2011-06-13",353.905925925926
"2011-06-14",361.118518518518
"2011-06-15",353.641481481481
"2011-06-16",264.108148148148
"2011-06-17",248.547407407407
"2011-06-18",247.55037037037
"2011-06-19",341.855555555556
"2011-06-20",310.932592592593
"2011-06-21",278.154814814815
"2011-06-22",324.977777777778
"2011-06-23",340.335555555556
"2011-06-24",344.976296296296
"2011-06-25",342.674074074074
"2011-06-26",333.246666666667
"2011-06-27",235.396296296296
"2011-06-28",162.143703703704
"2011-06-29",298.376296296296
"2011-06-30",252.935555555556
"2011-07-01",198.162222222222
"2011-07-02",261.132592592593
"2011-07-03",235.154814814815
"2011-07-04",290.785185185185
"2011-07-05",161.914814814815
"2011-07-06",233.62962962963
"2011-07-07",161.42
"2011-07-08",233.937777777778
"2011-07-09",284.817777777778
"2011-07-10",116.071111111111
"2011-07-11",168.641481481481
"2011-07-12",173.962222222222
"2011-07-13",274.45037037037
"2011-07-14",188.597037037037
"2011-07-15",282.297037037037
"2011-07-16",281.42
"2011-07-17",232.371111111111
"2011-07-18",239.438518518519
"2011-07-19",250.497037037037
"2011-07-20",288.686666666667
"2011-07-21",230.945185185185
"2011-07-22",219.981481481481
"2011-07-23",166.688148148148
"2011-07-24",160.158518518519
"2011-07-25",234.691851851852
"2011-07-26",226.081481481481
"2011-07-27",188.42
"2011-07-28",165.195555555556
"2011-07-29",139.235555555556
"2011-07-30",105.788888888889
"2011-07-31",111.623703703704
"2011-08-01",166.151111111111
"2011-08-02",158.94
"2011-08-03",203.605925925926
"2011-08-04",151.520740740741
"2011-08-05",244.852592592593
"2011-08-06",234.492592592593
"2011-08-07",203.226666666667
"2011-08-08",169.739259259259
"2011-08-09",215.999259259259
"2011-08-10",112.501481481481
"2011-08-11",75.3807407407407
"2011-08-12",121.956296296296
"2011-08-13",114.65037037037
"2011-08-14",183.540740740741
"2011-08-15",84.1711111111111
"2011-08-16",161.234074074074
"2011-08-17",182.808888888889
"2011-08-18",196.633333333333
"2011-08-19",134.080740740741
"2011-08-20",168.177777777778
"2011-08-21",47.6637037037037
"2011-08-22",66.38
"2011-08-23",115.721481481481
"2011-08-24",55.0392592592593
"2011-08-25",52.8096296296296
"2011-08-26",46.0807407407407
"2011-08-27",57.4103703703704
"2011-08-28",94.6777777777778
"2011-08-29",78.6288888888889
"2011-08-30",85.2540740740741
"2011-08-31",58.1525925925926
"2011-09-01",27.6725925925926
"2011-09-02",48.6903703703704
"2011-09-03",34.6274074074074
"2011-09-04",47.5614814814815
"2011-09-05",28.8007407407407
"2011-09-06",39.9148148148148
"2011-09-07",69.2866666666667
"2011-09-08",23.0318518518519
"2011-09-09",38.3644444444444
"2011-09-10",21.8237037037037
"2011-09-11",27.037037037037
"2011-09-12",55.1355555555556
"2011-09-13",69.6355555555556
"2011-09-14",63.1392592592593
"2011-09-15",22.4733333333333
"2011-09-16",26.6348148148148
"2011-09-17",37.3303703703704
"2011-09-18",41.7955555555556
"2011-09-19",25.3511111111111
"2011-09-20",36.1807407407407
"2011-09-21",49.7985185185185
"2011-09-22",14.862962962963
"2011-09-23",22.6422222222222
"2011-09-24",20.0577777777778
"2011-09-25",18.2622222222222
"2011-09-26",12.3807407407407
"2011-09-27",22.1266666666667
"2011-09-28",24.1577777777778
"2011-09-29",12.8888888888889
"2011-09-30",19.6266666666667
"2011-10-01",11.6488888888889
"2011-10-02",12.5511111111111
"2011-10-03",12.1562962962963
"2011-10-04",12.6518518518519
"2011-10-05",16.6088888888889
"2011-10-06",15.3414814814815
"2011-10-07",11.477037037037
"2011-10-08",8.32740740740741
"2011-10-09",9.47481481481482
"2011-10-10",8.31185185185185
"2011-10-11",6.59851851851852
"2011-10-12",5.30740740740741
"2011-10-13",3.61407407407407
"2011-10-14",2.24148148148148
"2011-10-15",1.82888888888889
"2011-10-16",2.08518518518519
"2011-10-17",1.43555555555556
"2011-10-18",1.23259259259259
"2011-10-19",0.82
"2011-10-20",0.342222222222222
"2011-10-21",0.141481481481481
"2011-10-22",0.0140740740740741
"2011-10-23",0
"2011-10-24",0
"2011-10-25",0
"2011-10-26",0
"2011-10-27",0
"2011-10-28",0
"2011-10-29",0
"2011-10-30",0
"2011-10-31",0
"2011-11-01",0
"2011-11-02",0
"2011-11-03",0
"2011-11-04",0
"2011-11-05",0
"2011-11-06",0
"2011-11-07",0
"2011-11-08",0
"2011-11-09",0
"2011-11-10",0
"2011-11-11",0
"2011-11-12",0
"2011-11-13",0
"2011-11-14",0
"2011-11-15",0
"2011-11-16",0
"2011-11-17",0
"2011-11-18",0
"2011-11-19",0
"2011-11-20",0
"2011-11-21",0
"2011-11-22",0
"2011-11-23",0
"2011-11-24",0
"2011-11-25",0
"2011-11-26",0
"2011-11-27",0
"2011-11-28",0
"2011-11-29",0
"2011-11-30",0
"2011-12-01",0
"2011-12-02",0
"2011-12-03",0
"2011-12-04",0
"2011-12-05",0
"2011-12-06",0
"2011-12-07",0
"2011-12-08",0
"2011-12-09",0
"2011-12-10",0
"2011-12-11",0
"2011-12-12",0
"2011-12-13",0
"2011-12-14",0
"2011-12-15",0
"2011-12-16",-1.34896875e-05
"2011-12-17",0
"2011-12-18",0
"2011-12-19",0
"2011-12-20",0
"2011-12-21",0
"2011-12-22",0
"2011-12-23",0
"2011-12-24",0
"2011-12-25",0
"2011-12-26",0
"2011-12-27",0
"2011-12-28",0
"2011-12-29",0
"2011-12-30",0
"2011-12-31",0
"2012-01-01",0
"2012-01-02",0
"2012-01-03",0
"2012-01-04",0
"2012-01-05",0
"2012-01-06",0
"2012-01-07",0
"2012-01-08",0
"2012-01-09",0
"2012-01-10",0
"2012-01-11",0
"2012-01-12",0
"2012-01-13",0
"2012-01-14",0
"2012-01-15",0
"2012-01-16",0
"2012-01-17",0
"2012-01-18",0
"2012-01-19",0
"2012-01-20",0
"2012-01-21",0
"2012-01-22",0
"2012-01-23",0
"2012-01-24",0
"2012-01-25",0
"2012-01-26",0
"2012-01-27",0
"2012-01-28",0
"2012-01-29",0
"2012-01-30",0
"2012-01-31",0
"2012-02-01",0
"2012-02-02",0
"2012-02-03",0
"2012-02-04",0
"2012-02-05",0
"2012-02-06",0
"2012-02-07",0
"2012-02-08",0
"2012-02-09",0
"2012-02-10",0
"2012-02-11",0
"2012-02-12",0
"2012-02-13",0
"2012-02-14",0
"2012-02-15",0
"2012-02-16",0
"2012-02-17",0
"2012-02-18",0
"2012-02-19",0
"2012-02-20",0.0118518518518519
"2012-02-21",0.131111111111111
"2012-02-22",0.307407407407407
"2012-02-23",0.658518518518519
"2012-02-24",1.10666666666667
"2012-02-25",1.57851851851852
"2012-02-26",2.17481481481481
"2012-02-27",2.92814814814815
"2012-02-28",3.09925925925926
"2012-02-29",3.8437037037037
"2012-03-01",6.31555555555556
"2012-03-02",4.73111111111111
"2012-03-03",5.92740740740741
"2012-03-04",2.7037037037037
"2012-03-05",9.40666666666667
"2012-03-06",9.14888888888889
"2012-03-07",14.5259259259259
"2012-03-08",13.3288888888889
"2012-03-09",14.14
"2012-03-10",19.862962962963
"2012-03-11",14.417037037037
"2012-03-12",20.9792592592593
"2012-03-13",22.5562962962963
"2012-03-14",21.6162962962963
"2012-03-15",20.6740740740741
"2012-03-16",24.2896296296296
"2012-03-17",33.1844444444444
"2012-03-18",43.1281481481481
"2012-03-19",33.1518518518519
"2012-03-20",37.6985185185185
"2012-03-21",44.8637037037037
"2012-03-22",39.2540740740741
"2012-03-23",22.56
"2012-03-24",58.8244444444444
"2012-03-25",55.9366183574879
"2012-03-26",38.3444444444444
"2012-03-27",44.4333333333333
"2012-03-28",49.3362962962963
"2012-03-29",42.9881481481481
"2012-03-30",66.2933333333333
"2012-03-31",60.4888888888889
"2012-04-01",74.6488888888889
"2012-04-02",73.5548148148148
"2012-04-03",94.3511111111111
"2012-04-04",92.082962962963
"2012-04-05",94.3903703703704
"2012-04-06",97.8133333333333
"2012-04-07",104.264444444444
"2012-04-08",115.459259259259
"2012-04-09",114.402962962963
"2012-04-10",114.516296296296
"2012-04-11",118.387407407407
"2012-04-12",99.1118518518519
"2012-04-13",114.51037037037
"2012-04-14",102.108148148148
"2012-04-15",124.25037037037
"2012-04-16",106.3
"2012-04-17",86.2822222222222
"2012-04-18",139.797777777778
"2012-04-19",143.038518518519
"2012-04-20",139.898518518519
"2012-04-21",153.043703703704
"2012-04-22",164.792592592593
"2012-04-23",153.412592592593
"2012-04-24",109.943703703704
"2012-04-25",193.234074074074
"2012-04-26",160.204444444444
"2012-04-27",140.278518518519
"2012-04-28",144.335555555556
"2012-04-29",187.085185185185
"2012-04-30",162.694814814815
"2012-05-01",144.71037037037
"2012-05-02",131.996296296296
"2012-05-03",195.377777777778
"2012-05-04",194.451111111111
"2012-05-05",180.020740740741
"2012-05-06",180.267407407407
"2012-05-07",155.452592592593
"2012-05-08",185.16
"2012-05-09",217.877777777778
"2012-05-10",214.293333333333
"2012-05-11",230.206666666667
"2012-05-12",202.288148148148
"2012-05-13",255.78962962963
"2012-05-14",285.502222222222
"2012-05-15",263.49037037037
"2012-05-16",265.157037037037
"2012-05-17",309.063703703704
"2012-05-18",291.25037037037
"2012-05-19",221.900740740741
"2012-05-20",234.074074074074
"2012-05-21",212.942962962963
"2012-05-22",161.595555555556
"2012-05-23",115.962222222222
"2012-05-24",193.111851851852
"2012-05-25",233.619259259259
"2012-05-26",174.917777777778
"2012-05-27",184.137037037037
"2012-05-28",260.654814814815
"2012-05-29",286.171851851852
"2012-05-30",275.164444444444
"2012-05-31",275.346666666667
"2012-06-01",299.281481481481
"2012-06-02",183.457037037037
"2012-06-03",224.87037037037
"2012-06-04",248.19037037037
"2012-06-05",279.402222222222
"2012-06-06",321.347407407407
"2012-06-07",262.088148148148
"2012-06-08",328.534814814815
"2012-06-09",336.665925925926
"2012-06-10",324.479259259259
"2012-06-11",301.068888888889
"2012-06-12",262.267407407407
"2012-06-13",187.217777777778
"2012-06-14",240.93037037037
"2012-06-15",361.675555555556
"2012-06-16",287.845185185185
"2012-06-17",226.117037037037
"2012-06-18",244.86
"2012-06-19",167.724444444444
"2012-06-20",101.754074074074
"2012-06-21",207.082962962963
"2012-06-22",175.365925925926
"2012-06-23",216.468888888889
"2012-06-24",276.577037037037
"2012-06-25",206.023703703704
"2012-06-26",342.134814814815
"2012-06-27",268.066666666667
"2012-06-28",138.325185185185
"2012-06-29",290.16
"2012-06-30",275.627407407407
"2012-07-01",309.732592592593
"2012-07-02",264.320740740741
"2012-07-03",95.5977777777778
"2012-07-04",213.762222222222
"2012-07-05",194.111851851852
"2012-07-06",159.381481481481
"2012-07-07",259.641481481481
"2012-07-08",302.197037037037
"2012-07-09",204.471111111111
"2012-07-10",228.482962962963
"2012-07-11",298.468148148148
"2012-07-12",227.151851851852
"2012-07-13",226.972592592593
"2012-07-14",248.231111111111
"2012-07-15",290.631111111111
"2012-07-16",258.242962962963
"2012-07-17",250.041481481481
"2012-07-18",255.123703703704
"2012-07-19",206.784444444444
"2012-07-20",285.647407407407
"2012-07-21",270.188148148148
"2012-07-22",227.697777777778
"2012-07-23",118.132592592593
"2012-07-24",146.587407407407
"2012-07-25",192.408148148148
"2012-07-26",144.400740740741
"2012-07-27",197.483703703704
"2012-07-28",199.648888888889
"2012-07-29",130.102222222222
"2012-07-30",109.608888888889
"2012-07-31",176.013333333333
"2012-08-01",195.719259259259
"2012-08-02",120.494814814815
"2012-08-03",162.411851851852
"2012-08-04",158.762962962963
"2012-08-05",199.44
"2012-08-06",191.694814814815
"2012-08-07",164.748148148148
"2012-08-08",121.299259259259
"2012-08-09",101.899259259259
"2012-08-10",43.0703703703704
"2012-08-11",80.0740740740741
"2012-08-12",105.986666666667
"2012-08-13",68.6037037037037
"2012-08-14",149.53037037037
"2012-08-15",140.01037037037
"2012-08-16",97.2288888888889
"2012-08-17",125.395555555556
"2012-08-18",164.471851851852
"2012-08-19",115.722222222222
"2012-08-20",123.68962962963
"2012-08-21",86.5214814814815
"2012-08-22",119.717037037037
"2012-08-23",159.355555555556
"2012-08-24",165.317777777778
"2012-08-25",144.328148148148
"2012-08-26",112.617037037037
"2012-08-27",58.2051851851852
"2012-08-28",97.3125925925926
"2012-08-29",59.3185185185185
"2012-08-30",44.1651851851852
"2012-08-31",58.8451851851852
"2012-09-01",83.2037037037037
"2012-09-02",32.7511111111111
"2012-09-03",35.962962962963
"2012-09-04",70.0948148148148
"2012-09-05",68.7088888888889
"2012-09-06",55.8333333333333
"2012-09-07",49.0548148148148
"2012-09-08",65.1014814814815
"2012-09-09",36.0540740740741
"2012-09-10",85.2111111111111
"2012-09-11",29.117037037037
"2012-09-12",26.8007407407407
"2012-09-13",40.2437037037037
"2012-09-14",53.6348148148148
"2012-09-15",47.8296296296296
"2012-09-16",44.9362962962963
"2012-09-17",34.5814814814815
"2012-09-18",43.6711111111111
"2012-09-19",22.5074074074074
"2012-09-20",41.96
"2012-09-21",28.1355555555556
"2012-09-22",24.0451851851852
"2012-09-23",17.3681481481481
"2012-09-24",16.5237037037037
"2012-09-25",23.2533333333333
"2012-09-26",27.8933333333333
"2012-09-27",15.2548148148148
"2012-09-28",18.8355555555556
"2012-09-29",17.8837037037037
"2012-09-30",10.217037037037
"2012-10-01",21.3503703703704
"2012-10-02",20.8755555555556
"2012-10-03",18.8103703703704
"2012-10-04",9.48148148148148
"2012-10-05",6.23333333333333
"2012-10-06",8.94888888888889
"2012-10-07",4.29777777777778
"2012-10-08",5.64666666666667
"2012-10-09",4.55851851851852
"2012-10-10",1.92666666666667
"2012-10-11",3.64962962962963
"2012-10-12",4.55703703703704
"2012-10-13",1.78222222222222
"2012-10-14",2.11851851851852
"2012-10-15",1.88666666666667
"2012-10-16",1.49259259259259
"2012-10-17",1.24518518518519
"2012-10-18",0.587407407407407
"2012-10-19",0.385925925925926
"2012-10-20",0.182222222222222
"2012-10-21",0.022962962962963
"2012-10-22",0
"2012-10-23",0
"2012-10-24",0
"2012-10-25",0
"2012-10-26",0
"2012-10-27",0
"2012-10-28",0
"2012-10-29",0
"2012-10-30",0
"2012-10-31",0
"2012-11-01",0
"2012-11-02",0
"2012-11-03",0
"2012-11-04",0
"2012-11-05",0
"2012-11-06",0
"2012-11-07",0
"2012-11-08",0
"2012-11-09",0
"2012-11-10",0
"2012-11-11",0
"2012-11-12",0
"2012-11-13",0
"2012-11-14",0
"2012-11-15",0
"2012-11-16",0
"2012-11-17",0
"2012-11-18",0
"2012-11-19",0
"2012-11-20",0
"2012-11-21",0
"2012-11-22",0
"2012-11-23",0
"2012-11-24",0
"2012-11-25",0
"2012-11-26",0
"2012-11-27",0
"2012-11-28",0
"2012-11-29",0
"2012-11-30",0
"2012-12-01",0
"2012-12-02",0
"2012-12-03",0
"2012-12-04",0
"2012-12-05",0
"2012-12-06",0
"2012-12-07",0
"2012-12-08",0
"2012-12-09",0
"2012-12-10",0
"2012-12-11",0
"2012-12-12",0
"2012-12-13",0
"2012-12-14",0
"2012-12-15",0
"2012-12-16",0
"2012-12-17",0
"2012-12-18",0
"2012-12-19",0
"2012-12-20",0
"2012-12-21",0
"2012-12-22",0
"2012-12-23",0
"2012-12-24",0
"2012-12-25",0
"2012-12-26",0
"2012-12-27",0
"2012-12-28",0
"2012-12-29",0
"2012-12-30",0
"2012-12-31",0
"2013-01-01",0
"2013-01-02",0
"2013-01-03",0
"2013-01-04",0
"2013-01-05",0
"2013-01-06",0
"2013-01-07",0
"2013-01-08",0
"2013-01-09",0
"2013-01-10",0
"2013-01-11",0
"2013-01-12",0
"2013-01-13",0
"2013-01-14",0
"2013-01-15",0
"2013-01-16",0
"2013-01-17",0
"2013-01-18",0
"2013-01-19",0
"2013-01-20",0
"2013-01-21",0
"2013-01-22",0
"2013-01-23",0
"2013-01-24",0
"2013-01-25",0
"2013-01-26",0
"2013-01-27",0
"2013-01-28",0
"2013-01-29",0
"2013-01-30",0
"2013-01-31",0
"2013-02-01",0
"2013-02-02",0
"2013-02-03",0
"2013-02-04",0
"2013-02-05",0
"2013-02-06",0
"2013-02-07",0
"2013-02-08",0
"2013-02-09",0
"2013-02-10",0
"2013-02-11",0
"2013-02-12",0
"2013-02-13",0
"2013-02-14",0
"2013-02-15",0
"2013-02-16",0
"2013-02-17",0
"2013-02-18",0
"2013-02-19",0.00222222222222222
"2013-02-20",0.0644444444444444
"2013-02-21",0.31037037037037
"2013-02-22",0.53037037037037
"2013-02-23",0.998518518518518
"2013-02-24",1.50962962962963
"2013-02-25",1.83555555555556
"2013-02-26",3.41925925925926
"2013-02-27",3.39925925925926
"2013-02-28",3.82592592592593
"2013-03-01",4.00888888888889
"2013-03-02",5.43037037037037
"2013-03-03",8.18
"2013-03-04",8.42148148148148
"2013-03-05",11.3807407407407
"2013-03-06",12.0251851851852
"2013-03-07",12.1244444444444
"2013-03-08",13.1555555555556
"2013-03-09",14.5822222222222
"2013-03-10",18.6940740740741
"2013-03-11",16.4066666666667
"2013-03-12",23.6140740740741
"2013-03-13",17.0622222222222
"2013-03-14",16.6644444444444
"2013-03-15",22.0414814814815
"2013-03-16",23.7777777777778
"2013-03-17",40.7844444444444
"2013-03-18",42.062962962963
"2013-03-19",44.7533333333333
"2013-03-20",42.7192592592593
"2013-03-21",34.4807407407407
"2013-03-22",30.1644444444444
"2013-03-23",41.2644444444444
"2013-03-24",44.9637037037037
"2013-03-25",63.7837037037037
"2013-03-26",64.0866666666667
"2013-03-27",45.06
"2013-03-28",58.6992592592593
"2013-03-29",39.3696296296296
"2013-03-30",74.3207407407407
"2013-03-31",59.4303381642512
"2013-04-01",68.2051851851852
"2013-04-02",87.5288888888889
"2013-04-03",92.7088888888889
"2013-04-04",76.2251851851852
"2013-04-05",74.9755555555556
"2013-04-06",78.1718518518519
"2013-04-07",103.048888888889
"2013-04-08",104.711111111111
"2013-04-09",108.4
"2013-04-10",93.9540740740741
"2013-04-11",115.763703703704
"2013-04-12",89.6296296296296
"2013-04-13",119.652592592593
"2013-04-14",108.491851851852
"2013-04-15",116.105185185185
"2013-04-16",155.994814814815
"2013-04-17",160.945925925926
"2013-04-18",157.45037037037
"2013-04-19",120.092592592593
"2013-04-20",92.5511111111111
"2013-04-21",161.818518518519
"2013-04-22",135.617777777778
"2013-04-23",92.6296296296296
"2013-04-24",106.073333333333
"2013-04-25",113.102222222222
"2013-04-26",107.175555555556
"2013-04-27",152.012592592593
"2013-04-28",160.700740740741
"2013-04-29",169.860740740741
"2013-04-30",178.197037037037
"2013-05-01",214.012592592593
"2013-05-02",203.931851851852
"2013-05-03",178.378518518519
"2013-05-04",193.895555555556
"2013-05-05",177.917037037037
"2013-05-06",135.814074074074
"2013-05-07",212.436296296296
"2013-05-08",137.445925925926
"2013-05-09",200.661481481481
"2013-05-10",185.605925925926
"2013-05-11",186.708148148148
"2013-05-12",246.151851851852
"2013-05-13",195.655555555556
"2013-05-14",167.282222222222
"2013-05-15",174.432592592593
"2013-05-16",180.045925925926
"2013-05-17",183.085185185185
"2013-05-18",204.142222222222
"2013-05-19",173.312592592593
"2013-05-20",125.039259259259
"2013-05-21",161.314074074074
"2013-05-22",205.821481481481
"2013-05-23",137.254814814815
"2013-05-24",133.594074074074
"2013-05-25",250.824444444444
"2013-05-26",245.742962962963
"2013-05-27",273.874814814815
"2013-05-28",329.947407407407
"2013-05-29",185.508148148148
"2013-05-30",117.515555555556
"2013-05-31",152.182222222222
"2013-06-01",297.151111111111
"2013-06-02",306.62
"2013-06-03",200.071111111111
"2013-06-04",168.591111111111
"2013-06-05",150.877037037037
"2013-06-06",338.117037037037
"2013-06-07",285.925925925926
"2013-06-08",283.654814814815
"2013-06-09",255.261481481481
"2013-06-10",263.307407407407
"2013-06-11",217.617777777778
"2013-06-12",249.473333333333
"2013-06-13",250.879259259259
"2013-06-14",238.672592592593
"2013-06-15",355.451851851852
"2013-06-16",228.431851851852
"2013-06-17",160.671111111111
"2013-06-18",162.379259259259
"2013-06-19",138.543703703704
"2013-06-20",142.707407407407
"2013-06-21",162.165185185185
"2013-06-22",213.64962962963
"2013-06-23",173.319259259259
"2013-06-24",176.002222222222
"2013-06-25",220.084444444444
"2013-06-26",148.88962962963
"2013-06-27",178.351111111111
"2013-06-28",202.854074074074
"2013-06-29",233.991111111111
"2013-06-30",110.491111111111
"2013-07-01",108.987407407407
"2013-07-02",173.625185185185
"2013-07-03",220.760740740741
"2013-07-04",277.372592592593
"2013-07-05",174.694814814815
"2013-07-06",121.351111111111
"2013-07-07",111.474814814815
"2013-07-08",184.772592592593
"2013-07-09",132.587407407407
"2013-07-10",185.27037037037
"2013-07-11",241.505925925926
"2013-07-12",285.256296296296
"2013-07-13",308.888148148148
"2013-07-14",320.615555555556
"2013-07-15",168.176296296296
"2013-07-16",170.718518518519
"2013-07-17",247.01037037037
"2013-07-18",262.883703703704
"2013-07-19",305.145185185185
"2013-07-20",90.3007407407407
"2013-07-21",79.64
"2013-07-22",84.5533333333333
"2013-07-23",146.859259259259
"2013-07-24",124.5
"2013-07-25",139.177777777778
"2013-07-26",188.581481481481
"2013-07-27",183.37037037037
"2013-07-28",125.816296296296
"2013-07-29",93.3103703703704
"2013-07-30",132.168888888889
"2013-07-31",76.9066666666667
"2013-08-01",109.22962962963
"2013-08-02",58.4748148148148
"2013-08-03",219.007407407407
"2013-08-04",183.232592592593
"2013-08-05",149.746666666667
"2013-08-06",121.312592592593
"2013-08-07",122.937037037037
"2013-08-08",68.9814814814815
"2013-08-09",160.731851851852
"2013-08-10",122.797777777778
"2013-08-11",84.897037037037
"2013-08-12",153.114814814815
"2013-08-13",152.10962962963
"2013-08-14",66.62
"2013-08-15",69.182962962963
"2013-08-16",39.3748148148148
"2013-08-17",107.547407407407
"2013-08-18",107.786666666667
"2013-08-19",106.820740740741
"2013-08-20",92.657037037037
"2013-08-21",84.177037037037
"2013-08-22",99.7807407407407
"2013-08-23",77.6955555555556
"2013-08-24",131.291851851852
"2013-08-25",88.4666666666667
"2013-08-26",49.78
"2013-08-27",87.9696296296296
"2013-08-28",89.6185185185185
"2013-08-29",79.277037037037
"2013-08-30",110.65037037037
"2013-08-31",106.408888888889
"2013-09-01",96.6377777777778
"2013-09-02",71.9118518518518
"2013-09-03",77.7088888888889
"2013-09-04",72.1333333333333
"2013-09-05",57.862962962963
"2013-09-06",54.4533333333333
"2013-09-07",83.1348148148148
"2013-09-08",43.8037037037037
"2013-09-09",45.5148148148148
"2013-09-10",52.7125925925926
"2013-09-11",57.5459259259259
"2013-09-12",31.0540740740741
"2013-09-13",27.0977777777778
"2013-09-14",53.2733333333333
"2013-09-15",58.4451851851852
"2013-09-16",63.1274074074074
"2013-09-17",41.7933333333333
"2013-09-18",36.7266666666667
"2013-09-19",50.2125925925926
"2013-09-20",50.8762962962963
"2013-09-21",45.98
"2013-09-22",36.4711111111111
"2013-09-23",31.5259259259259
"2013-09-24",24.68
"2013-09-25",26.4407407407407
"2013-09-26",25.6007407407407
"2013-09-27",28.6725925925926
"2013-09-28",21.6348148148148
"2013-09-29",13.5696296296296
"2013-09-30",15.1748148148148
"2013-10-01",13.3696296296296
"2013-10-02",12.1362962962963
"2013-10-03",8.71037037037037
"2013-10-04",12.6444444444444
"2013-10-05",14.02
"2013-10-06",13.0940740740741
"2013-10-07",13.1318518518519
"2013-10-08",10.0266666666667
"2013-10-09",6.09333333333333
"2013-10-10",5.71407407407407
"2013-10-11",3.75037037037037
"2013-10-12",5.31481481481481
"2013-10-13",3.7762962962963
"2013-10-14",2.27333333333333
"2013-10-15",3.03851851851852
"2013-10-16",1.83703703703704
"2013-10-17",1.38222222222222
"2013-10-18",1.11259259259259
"2013-10-19",0.565185185185185
"2013-10-20",0.188148148148148
"2013-10-21",0.0377777777777778
"2013-10-22",0
"2013-10-23",0
"2013-10-24",0
"2013-10-25",0
"2013-10-26",0
"2013-10-27",0
"2013-10-28",0
"2013-10-29",0
"2013-10-30",0
"2013-10-31",0
"2013-11-01",0
"2013-11-02",0
"2013-11-03",0
"2013-11-04",0
"2013-11-05",0
"2013-11-06",0
"2013-11-07",0
"2013-11-08",0
"2013-11-09",0
"2013-11-10",0
"2013-11-11",0
"2013-11-12",0
"2013-11-13",0
"2013-11-14",0
"2013-11-15",0
"2013-11-16",0
"2013-11-17",0
"2013-11-18",0
"2013-11-19",0
"2013-11-20",0
"2013-11-21",0
"2013-11-22",0
"2013-11-23",0
"2013-11-24",0
"2013-11-25",0
"2013-11-26",0
"2013-11-27",0
"2013-11-28",0
"2013-11-29",0
"2013-11-30",0
"2013-12-01",0
"2013-12-02",0
"2013-12-03",0
"2013-12-04",0
"2013-12-05",0
"2013-12-06",0
"2013-12-07",0
"2013-12-08",0
"2013-12-09",0
"2013-12-10",0
"2013-12-11",0
"2013-12-12",0
"2013-12-13",0
"2013-12-14",0
"2013-12-15",0
"2013-12-16",0
"2013-12-17",0
"2013-12-18",0
"2013-12-19",0
"2013-12-20",0
"2013-12-21",0
"2013-12-22",0
"2013-12-23",0
"2013-12-24",0
"2013-12-25",0
"2013-12-26",0
"2013-12-27",0
"2013-12-28",0
"2013-12-29",0
"2013-12-30",0
"2013-12-31",0
"2014-01-01",0
"2014-01-02",0
"2014-01-03",0
"2014-01-04",0
"2014-01-05",0
"2014-01-06",0
"2014-01-07",0
"2014-01-08",0
"2014-01-09",0
"2014-01-10",0
"2014-01-11",0
"2014-01-12",0
"2014-01-13",0
"2014-01-14",0
"2014-01-15",0
"2014-01-16",0
"2014-01-17",0
"2014-01-18",0
"2014-01-19",0
"2014-01-20",0
"2014-01-21",0
"2014-01-22",0
"2014-01-23",0
"2014-01-24",0
"2014-01-25",0
"2014-01-26",0
"2014-01-27",0
"2014-01-28",0
"2014-01-29",0
"2014-01-30",0
"2014-01-31",0
"2014-02-01",0
"2014-02-02",0
"2014-02-03",0
"2014-02-04",0
"2014-02-05",0
"2014-02-06",0
"2014-02-07",0
"2014-02-08",0
"2014-02-09",0
"2014-02-10",0
"2014-02-11",0
"2014-02-12",0
"2014-02-13",0
"2014-02-14",0
"2014-02-15",0
"2014-02-16",0
"2014-02-17",0
"2014-02-18",0
"2014-02-19",0
"2014-02-20",0.0340740740740741
"2014-02-21",0.142222222222222
"2014-02-22",0.466666666666667
"2014-02-23",1.05925925925926
"2014-02-24",1.58296296296296
"2014-02-25",1.34740740740741
"2014-02-26",1.63407407407407
"2014-02-27",3.57333333333333
"2014-02-28",4.05703703703704
"2014-03-01",4.96222222222222
"2014-03-02",2.3
"2014-03-03",5.24962962962963
"2014-03-04",8.20740740740741
"2014-03-05",7.76666666666667
"2014-03-06",10.3355555555556
"2014-03-07",12.4659259259259
"2014-03-08",13.6785185185185
"2014-03-09",15.2125925925926
"2014-03-10",15.9518518518519
"2014-03-11",17.4474074074074
"2014-03-12",25.6659259259259
"2014-03-13",28.8333333333333
"2014-03-14",27.3940740740741
"2014-03-15",25.4325925925926
"2014-03-16",33.7222222222222
"2014-03-17",25.9925925925926
"2014-03-18",29.1111111111111
"2014-03-19",29.8303703703704
"2014-03-20",25.9762962962963
"2014-03-21",45.8659259259259
"2014-03-22",44.5837037037037
"2014-03-23",34.8437037037037
"2014-03-24",33.442962962963
"2014-03-25",41.777037037037
"2014-03-26",64.0325925925926
"2014-03-27",26.0666666666667
"2014-03-28",35.962962962963
"2014-03-29",46.5533333333333
"2014-03-30",54.9742995169082
"2014-03-31",63.0081481481482
"2014-04-01",68.7407407407407
"2014-04-02",69.1622222222222
"2014-04-03",57.6155555555556
"2014-04-04",73.2125925925926
"2014-04-05",67.1637037037037
"2014-04-06",89.257037037037
"2014-04-07",89.4096296296296
"2014-04-08",61.4666666666667
"2014-04-09",53.2933333333333
"2014-04-10",101.143703703704
"2014-04-11",88.1548148148148
"2014-04-12",122.993333333333
"2014-04-13",94.7622222222222
"2014-04-14",122.671851851852
"2014-04-15",103.808888888889
"2014-04-16",85.3414814814815
"2014-04-17",120.155555555556
"2014-04-18",114.89037037037
"2014-04-19",116.979259259259
"2014-04-20",119.597037037037
"2014-04-21",165.108888888889
"2014-04-22",155.038518518519
"2014-04-23",147.128888888889
"2014-04-24",193.108888888889
"2014-04-25",165.631111111111
"2014-04-26",184.595555555556
"2014-04-27",151.080740740741
"2014-04-28",215.244444444444
"2014-04-29",200.303703703704
"2014-04-30",212.84
"2014-05-01",212.081481481481
"2014-05-02",223.222962962963
"2014-05-03",179.342962962963
"2014-05-04",204.546666666667
"2014-05-05",153.824444444444
"2014-05-06",121.65037037037
"2014-05-07",149.471851851852
"2014-05-08",233.968148148148
"2014-05-09",229.957037037037
"2014-05-10",243.204444444444
"2014-05-11",208.142222222222
"2014-05-12",260.619259259259
"2014-05-13",248.282222222222
"2014-05-14",254.522222222222
"2014-05-15",222.895555555556
"2014-05-16",134.179259259259
"2014-05-17",228.442962962963
"2014-05-18",266.853333333333
"2014-05-19",212.151111111111
"2014-05-20",275.237777777778
"2014-05-21",187.555555555556
"2014-05-22",235.782962962963
"2014-05-23",239.412592592593
"2014-05-24",298.271851851852
"2014-05-25",328.69037037037
"2014-05-26",171.197037037037
"2014-05-27",129.311111111111
"2014-05-28",203.819259259259
"2014-05-29",169.81037037037
"2014-05-30",185.562222222222
"2014-05-31",309.783703703704
"2014-06-01",313.98
"2014-06-02",205.601481481481
"2014-06-03",290.160740740741
"2014-06-04",283.980740740741
"2014-06-05",181.619259259259
"2014-06-06",286.552592592593
"2014-06-07",190.308888888889
"2014-06-08",156.252592592593
"2014-06-09",237.361481481481
"2014-06-10",185.172592592593
"2014-06-11",209.131111111111
"2014-06-12",328.516296296296
"2014-06-13",206.698518518519
"2014-06-14",284.73037037037
"2014-06-15",363.024444444444
"2014-06-16",239.038518518519
"2014-06-17",132.92962962963
"2014-06-18",214.695555555556
"2014-06-19",280.54
"2014-06-20",336.851851851852
"2014-06-21",321.265185185185
"2014-06-22",199.847407407407
"2014-06-23",204.888888888889
"2014-06-24",174.917037037037
"2014-06-25",185.845185185185
"2014-06-26",209.167407407407
"2014-06-27",177.545925925926
"2014-06-28",180.718518518519
"2014-06-29",329.497037037037
"2014-06-30",311.075555555556
"2014-07-01",234.991111111111
"2014-07-02",204.442222222222
"2014-07-03",114.322962962963
"2014-07-04",129.015555555556
"2014-07-05",166.322962962963
"2014-07-06",129.222222222222
"2014-07-07",168.378518518519
"2014-07-08",254.034074074074
"2014-07-09",162.537777777778
"2014-07-10",114.628148148148
"2014-07-11",111.616296296296
"2014-07-12",132.59037037037
"2014-07-13",201.272592592593
"2014-07-14",213.171851851852
"2014-07-15",315.634074074074
"2014-07-16",306.760740740741
"2014-07-17",130.662222222222
"2014-07-18",118.735555555556
"2014-07-19",93.2807407407407
"2014-07-20",187.657777777778
"2014-07-21",202.122962962963
"2014-07-22",257.528888888889
"2014-07-23",89.1459259259259
"2014-07-24",143.060740740741
"2014-07-25",234.494814814815
"2014-07-26",171.371851851852
"2014-07-27",133.423703703704
"2014-07-28",213.505185185185
"2014-07-29",255.337037037037
"2014-07-30",238.854814814815
"2014-07-31",108.557037037037
"2014-08-01",162.045925925926
"2014-08-02",128.645925925926
"2014-08-03",224.124444444444
"2014-08-04",225.783703703704
"2014-08-05",181.92962962963
"2014-08-06",161.785925925926
"2014-08-07",165.052592592593
"2014-08-08",132.533333333333
"2014-08-09",177.318518518519
"2014-08-10",157.388888888889
"2014-08-11",160.854074074074
"2014-08-12",215.219259259259
"2014-08-13",167.142962962963
"2014-08-14",168.460740740741
"2014-08-15",175.36962962963
"2014-08-16",178.064444444444
"2014-08-17",180.971111111111
"2014-08-18",146.746666666667
"2014-08-19",162.439259259259
"2014-08-20",162.173333333333
"2014-08-21",135.132592592593
"2014-08-22",125.748888888889
"2014-08-23",139.326666666667
"2014-08-24",144.464444444444
"2014-08-25",147.752592592593
"2014-08-26",112.385925925926
"2014-08-27",102.525185185185
"2014-08-28",67.3496296296296
"2014-08-29",62.8266666666667
"2014-08-30",85.0392592592593
"2014-08-31",69.0074074074074
"2014-09-01",79.7896296296296
"2014-09-02",75.3733333333333
"2014-09-03",95.4266666666667
"2014-09-04",74.3837037037037
"2014-09-05",49.3481481481481
"2014-09-06",40.2377777777778
"2014-09-07",73.8237037037037
"2014-09-08",46.8837037037037
"2014-09-09",65.1422222222222
"2014-09-10",50.5281481481481
"2014-09-11",58.3111111111111
"2014-09-12",35.0703703703704
"2014-09-13",16.0074074074074
"2014-09-14",27.3088888888889
"2014-09-15",62.2644444444444
"2014-09-16",15.1296296296296
"2014-09-17",26.2088888888889
"2014-09-18",26.9962962962963
"2014-09-19",27.1814814814815
"2014-09-20",52.6081481481481
"2014-09-21",47.5059259259259
"2014-09-22",31.4688888888889
"2014-09-23",23.1540740740741
"2014-09-24",19.9955555555556
"2014-09-25",30.0244444444444
"2014-09-26",19.5977777777778
"2014-09-27",26.9962962962963
"2014-09-28",21.1511111111111
"2014-09-29",15.3918518518519
"2014-09-30",13.5607407407407
"2014-10-01",23.377037037037
"2014-10-02",9.7637037037037
"2014-10-03",15.2237037037037
"2014-10-04",9.35481481481482
"2014-10-05",8.07111111111111
"2014-10-06",6.41777777777778
"2014-10-07",6.9437037037037
"2014-10-08",8.58148148148148
"2014-10-09",3.70518518518519
"2014-10-10",5.37481481481481
"2014-10-11",6.21851851851852
"2014-10-12",4.85111111111111
"2014-10-13",3.85185185185185
"2014-10-14",3.22888888888889
"2014-10-15",2.95851851851852
"2014-10-16",1.80148148148148
"2014-10-17",1.7962962962963
"2014-10-18",0.934074074074074
"2014-10-19",0.420740740740741
"2014-10-20",0.261481481481481
"2014-10-21",0.0888888888888889
"2014-10-22",0.00222222222222222
"2014-10-23",0
"2014-10-24",0
"2014-10-25",0
"2014-10-26",0
"2014-10-27",0
"2014-10-28",0
"2014-10-29",0
"2014-10-30",0
"2014-10-31",0
"2014-11-01",0
"2014-11-02",0
"2014-11-03",0
"2014-11-04",0
"2014-11-05",0
"2014-11-06",0
"2014-11-07",0
"2014-11-08",0
"2014-11-09",0
"2014-11-10",0
"2014-11-11",0
"2014-11-12",0
"2014-11-13",0
"2014-11-14",0
"2014-11-15",0
"2014-11-16",0
"2014-11-17",0
"2014-11-18",0
"2014-11-19",0
"2014-11-20",0
"2014-11-21",0
"2014-11-22",0
"2014-11-23",0
"2014-11-24",0
"2014-11-25",0
"2014-11-26",0
"2014-11-27",0
"2014-11-28",0
"2014-11-29",0
"2014-11-30",0
"2014-12-01",0
"2014-12-02",0
"2014-12-03",0
"2014-12-04",0
"2014-12-05",0
"2014-12-06",0
"2014-12-07",0
"2014-12-08",0
"2014-12-09",0
"2014-12-10",0
"2014-12-11",0
"2014-12-12",0
"2014-12-13",0
"2014-12-14",0
"2014-12-15",0
"2014-12-16",0
"2014-12-17",0
"2014-12-18",0
"2014-12-19",0
"2014-12-20",0
"2014-12-21",0
"2014-12-22",0
"2014-12-23",0
"2014-12-24",0
"2014-12-25",0
"2014-12-26",0
"2014-12-27",0
"2014-12-28",0
"2014-12-29",0
"2014-12-30",0
"2014-12-31",0
"2015-01-01",0
"2015-01-02",0
"2015-01-03",0
"2015-01-04",0
"2015-01-05",0
"2015-01-06",0
"2015-01-07",0
"2015-01-08",0
"2015-01-09",0
"2015-01-10",0
"2015-01-11",0
"2015-01-12",0
"2015-01-13",0
"2015-01-14",0
"2015-01-15",0
"2015-01-16",0
"2015-01-17",0
"2015-01-18",0
"2015-01-19",0
"2015-01-20",0
"2015-01-21",0
"2015-01-22",0
"2015-01-23",0
"2015-01-24",0
"2015-01-25",0
"2015-01-26",0
"2015-01-27",0
"2015-01-28",0
"2015-01-29",0
"2015-01-30",0
"2015-01-31",0
"2015-02-01",0
"2015-02-02",0
"2015-02-03",0
"2015-02-04",0
"2015-02-05",0
"2015-02-06",0
"2015-02-07",0
"2015-02-08",0
"2015-02-09",0
"2015-02-10",0
"2015-02-11",0
"2015-02-12",0
"2015-02-13",0
"2015-02-14",0
"2015-02-15",0
"2015-02-16",0
"2015-02-17",0
"2015-02-18",0
"2015-02-19",0
"2015-02-20",0.0244444444444444
"2015-02-21",0.162962962962963
"2015-02-22",0.436296296296296
"2015-02-23",0.742222222222222
"2015-02-24",1.07851851851852
"2015-02-25",0.822222222222222
"2015-02-26",1.90074074074074
"2015-02-27",3.5162962962963
"2015-02-28",4.28148148148148
"2015-03-01",4.12962962962963
"2015-03-02",6.34296296296296
"2015-03-03",3.58888888888889
"2015-03-04",8.42814814814815
"2015-03-05",6.65481481481481
"2015-03-06",6.9362962962963
"2015-03-07",10.7777777777778
"2015-03-08",6.99333333333333
"2015-03-09",10.597037037037
"2015-03-10",11.0066666666667
"2015-03-11",10.5007407407407
"2015-03-12",12.5696296296296
"2015-03-13",11.3451851851852
"2015-03-14",12.2037037037037
"2015-03-15",19.8733333333333
"2015-03-16",16.9488888888889
"2015-03-17",29.5874074074074
"2015-03-18",25.522962962963
"2015-03-19",38.197037037037
"2015-03-20",38.7148148148148
"2015-03-21",37.4896296296296
"2015-03-22",38.2511111111111
"2015-03-23",54.842962962963
"2015-03-24",49.2
"2015-03-25",38.0777777777778
"2015-03-26",19.4377777777778
"2015-03-27",36.7940740740741
"2015-03-28",33.8162962962963
"2015-03-29",77.4809661835749
"2015-03-30",51.5859259259259
"2015-03-31",47.6066666666667
"2015-04-01",72.7074074074074
"2015-04-02",67.4481481481481
"2015-04-03",94.617037037037
"2015-04-04",74.3481481481481
"2015-04-05",70.52
"2015-04-06",101.06962962963
"2015-04-07",112.207407407407
"2015-04-08",110.422222222222
"2015-04-09",113.188888888889
"2015-04-10",93.7466666666667
"2015-04-11",93.9911111111111
"2015-04-12",117.7
"2015-04-13",80.6118518518519
"2015-04-14",98.5125925925926
"2015-04-15",114.788148148148
"2015-04-16",83.8325925925926
"2015-04-17",103.98
"2015-04-18",90.9325925925926
"2015-04-19",109.991851851852
"2015-04-20",130.471111111111
"2015-04-21",147.053333333333
"2015-04-22",156.358518518519
"2015-04-23",171.741481481481
"2015-04-24",140.905185185185
"2015-04-25",184.902962962963
"2015-04-26",156.175555555556
"2015-04-27",168.719259259259
"2015-04-28",161.411851851852
"2015-04-29",188.392592592593
"2015-04-30",155.316296296296
"2015-05-01",181.354074074074
"2015-05-02",160.411851851852
"2015-05-03",199.782222222222
"2015-05-04",200.445185185185
"2015-05-05",165.91037037037
"2015-05-06",186.056296296296
"2015-05-07",254.699259259259
"2015-05-08",239.416296296296
"2015-05-09",206.517777777778
"2015-05-10",159.47037037037
"2015-05-11",162.674074074074
"2015-05-12",176.79037037037
"2015-05-13",179.64962962963
"2015-05-14",164.108888888889
"2015-05-15",158.242962962963
"2015-05-16",112.205925925926
"2015-05-17",159.587407407407
"2015-05-18",204.143703703704
"2015-05-19",188.003703703704
"2015-05-20",221.795555555556
"2015-05-21",216.91037037037
"2015-05-22",206.645185185185
"2015-05-23",277.65037037037
"2015-05-24",259.927407407407
"2015-05-25",281.391111111111
"2015-05-26",285.488888888889
"2015-05-27",270.451111111111
"2015-05-28",283.259259259259
"2015-05-29",296.817037037037
"2015-05-30",281.171111111111
"2015-05-31",260.745185185185
"2015-06-01",291.19037037037
"2015-06-02",302.66
"2015-06-03",248.562962962963
"2015-06-04",238.377777777778
"2015-06-05",256.199259259259
"2015-06-06",288.768148148148
"2015-06-07",275.4
"2015-06-08",256.254814814815
"2015-06-09",240.60962962963
"2015-06-10",272.818518518519
"2015-06-11",219.714074074074
"2015-06-12",226.651851851852
"2015-06-13",259.047407407407
"2015-06-14",317.726666666667
"2015-06-15",322.424444444444
"2015-06-16",297.599259259259
"2015-06-17",198.479259259259
"2015-06-18",262.974074074074
"2015-06-19",261.751111111111
"2015-06-20",298.158518518519
"2015-06-21",345.571111111111
"2015-06-22",331.522222222222
"2015-06-23",283.439259259259
"2015-06-24",212.527407407407
"2015-06-25",239.341481481481
"2015-06-26",206.413333333333
"2015-06-27",197.986666666667
"2015-06-28",178.242222222222
"2015-06-29",250.240740740741
"2015-06-30",314.294074074074
"2015-07-01",180.713333333333
"2015-07-02",170.443703703704
"2015-07-03",269.665925925926
"2015-07-04",279.696296296296
"2015-07-05",295.423703703704
"2015-07-06",308.05037037037
"2015-07-07",277.902222222222
"2015-07-08",262.762222222222
"2015-07-09",317.222962962963
"2015-07-10",329.608888888889
"2015-07-11",326.762222222222
"2015-07-12",252.011111111111
"2015-07-13",159.191111111111
"2015-07-14",254.500740740741
"2015-07-15",244.953333333333
"2015-07-16",182.187407407407
"2015-07-17",278.64
"2015-07-18",287.867407407407
"2015-07-19",257.4
"2015-07-20",306.743703703704
"2015-07-21",272.559259259259
"2015-07-22",237.213333333333
"2015-07-23",154.272592592593
"2015-07-24",229.032592592593
"2015-07-25",143.573333333333
"2015-07-26",150.92962962963
"2015-07-27",225.12962962963
"2015-07-28",157.113333333333
"2015-07-29",117.580740740741
"2015-07-30",197.895555555556
"2015-07-31",285.019259259259
"2015-08-01",270.718518518519
"2015-08-02",243.968888888889
"2015-08-03",244.537777777778
"2015-08-04",128.474814814815
"2015-08-05",96.522962962963
"2015-08-06",60.9503703703704
"2015-08-07",104.351851851852
"2015-08-08",158.862222222222
"2015-08-09",92.8118518518519
"2015-08-10",98.2414814814815
"2015-08-11",91.7740740740741
"2015-08-12",128.26962962963
"2015-08-13",205.031851851852
"2015-08-14",192.451851851852
"2015-08-15",87.2474074074074
"2015-08-16",100.788148148148
"2015-08-17",42.9333333333333
"2015-08-18",54.4881481481481
"2015-08-19",78.0481481481481
"2015-08-20",87.0111111111111
"2015-08-21",103.558518518519
"2015-08-22",141.534814814815
"2015-08-23",36.9703703703704
"2015-08-24",40.1785185185185
"2015-08-25",112.266666666667
"2015-08-26",68.8540740740741
"2015-08-27",79.96
"2015-08-28",93.8488888888889
"2015-08-29",99.6125925925926
"2015-08-30",125.902222222222
"2015-08-31",96.3533333333333
"2015-09-01",110.547407407407
"2015-09-02",102.49037037037
"2015-09-03",73.0177777777778
"2015-09-04",64.5681481481482
"2015-09-05",66.3896296296296
"2015-09-06",50.637037037037
"2015-09-07",37.357037037037
"2015-09-08",51.4659259259259
"2015-09-09",65.3614814814815
"2015-09-10",55.2088888888889
"2015-09-11",17.5725925925926
"2015-09-12",27.202962962963
"2015-09-13",27.3414814814815
"2015-09-14",14.8148148148148
"2015-09-15",73.8081481481481
"2015-09-16",56.2444444444444
"2015-09-17",54.3525925925926
"2015-09-18",55.2481481481481
"2015-09-19",37.2014814814815
"2015-09-20",31.5414814814815
"2015-09-21",18.34
"2015-09-22",11.74
"2015-09-23",10.5755555555556
"2015-09-24",16.6533333333333
"2015-09-25",29.2466666666667
"2015-09-26",25.3288888888889
"2015-09-27",16.9474074074074
"2015-09-28",7.52592592592593
"2015-09-29",13.8896296296296
"2015-09-30",11.86
"2015-10-01",15.2303703703704
"2015-10-02",18.9111111111111
"2015-10-03",19.2814814814815
"2015-10-04",12.0125925925926
"2015-10-05",15.8037037037037
"2015-10-06",7.17185185185185
"2015-10-07",7.08148148148148
"2015-10-08",8.29185185185185
"2015-10-09",6.20962962962963
"2015-10-10",2.10222222222222
"2015-10-11",6.25259259259259
"2015-10-12",3.60074074074074
"2015-10-13",3.56296296296296
"2015-10-14",3.0162962962963
"2015-10-15",2.43407407407407
"2015-10-16",0.821481481481481
"2015-10-17",1.10222222222222
"2015-10-18",0.728888888888889
"2015-10-19",0.236296296296296
"2015-10-20",0.361481481481481
"2015-10-21",0.142962962962963
"2015-10-22",0.0125925925925926
"2015-10-23",0
"2015-10-24",0
"2015-10-25",0
"2015-10-26",0
"2015-10-27",0
"2015-10-28",0
"2015-10-29",0
"2015-10-30",0
"2015-10-31",0
"2015-11-01",0
"2015-11-02",0
"2015-11-03",0
"2015-11-04",0
"2015-11-05",0
"2015-11-06",0
"2015-11-07",0
"2015-11-08",0
"2015-11-09",0
"2015-11-10",0
"2015-11-11",0
"2015-11-12",0
"2015-11-13",0
"2015-11-14",0
"2015-11-15",0
"2015-11-16",0
"2015-11-17",0
"2015-11-18",0
"2015-11-19",0
"2015-11-20",0
"2015-11-21",0
"2015-11-22",0
"2015-11-23",0
"2015-11-24",0
"2015-11-25",0
"2015-11-26",0
"2015-11-27",0
"2015-11-28",0
"2015-11-29",0
"2015-11-30",0
"2015-12-01",0
